Tm/s,Flow ,Velocity,S,Status
101.5,29.462,2.2088,"844,844",No Leaking
101.5,29.516,2.2144,"844,844",No Leaking
101.5,29.246,2.2002,"844,844",No Leaking
101.5,29.242,2.2045,"844,844",No Leaking
101.5,29.307,2.2049,"844,844",No Leaking
101.5,29.224,2.205,"844,844",No Leaking
101.5,29.16,2.2106,"844,844",No Leaking
101.5,29.138,2.2007,"844,844",No Leaking
101.5,29.032,2.1955,"844,844",No Leaking
101.5,28.887,2.2035,"844,844",No Leaking
101.5,29.091,2.1953,"844,844",No Leaking
101.5,29.134,2.1979,"844,844",No Leaking
101.5,28.992,2.1874,"844,844",No Leaking
101.3,29.097,2.1803,"844,844",No Leaking
101.3,29.03,2.1741,"844,844",No Leaking
101.3,29.028,2.1679,"844,844",No Leaking
101.3,29.005,2.1656,"844,844",No Leaking
101.3,28.983,2.1775,"844,844",No Leaking
101.3,28.917,2.1636,"844,844",No Leaking
101.3,28.873,2.165,"844,844",No Leaking
101.3,28.758,2.1393,"844,844",No Leaking
101.3,28.654,2.1366,"844,844",No Leaking
101.3,28.643,2.2977,"844,844",No Leaking
101.3,29.599,2.3295,"844,844",No Leaking
101.3,29.639,2.3288,"844,844",No Leaking
101.3,29.566,2.3307,"844,844",No Leaking
101.3,26.556,1.9717,"844,844",Leaking
101.3,26.562,1.9641,"844,844",Leaking
101.3,26.658,1.9668,"844,844",Leaking
101.3,25.893,1.9653,"844,844",Leaking
101.3,24.805,1.9732,"844,844",Leaking
101.3,26.325,1.9248,"844,844",Leaking
101.3,26.951,1.875,"844,844",Leaking
101.3,26.109,1.983,"844,844",Leaking
101.3,26.154,1.9905,"844,844",Leaking
101.3,26.219,1.9868,"844,844",Leaking
101.3,26.156,1.9928,"844,844",Leaking
101.3,26.169,1.9915,"844,844",Leaking
101.3,26.196,1.9838,"844,844",Leaking
101.3,26.208,1.9778,"844,844",Leaking
101.3,26.171,1.9744,"844,844",Leaking
101.3,26.036,1.9641,"844,844",Leaking
101.3,26.218,1.9557,"844,844",Leaking
101.3,26.171,1.9439,"844,844",Leaking
101.3,26.117,1.9506,"844,844",Leaking
101.5,25.929,1.955,"844,844",Leaking
101.5,25.834,1.9678,"844,844",Leaking
101.5,25.924,1.9554,"844,844",Leaking
101.5,25.908,1.9778,"844,844",Leaking
101.5,25.778,1.9744,"844,844",Leaking
101.5,25.776,1.9745,"844,844",Leaking
101.5,25.56,1.9736,"844,844",Leaking
101.5,26.506,1.9721,"844,844",Leaking
101.5,26.533,1.9641,"844,844",Leaking
101.5,26.418,1.9868,"844,844",Leaking
101.5,26.353,1.9928,"844,844",Leaking
101.5,26.37,1.9744,"844,844",Leaking
101.5,26.46,0.099,"844,844",Leaking
101.5,26.578,0.1156,"844,844",Leaking
101.5,26.427,0.07,"844,844",Leaking
101.5,26.422,0.049,"844,844",Leaking
101.5,26.357,0.0786,"844,844",Leaking
101.5,26.242,0.0993,"844,844",Leaking
101.5,26.289,0.0629,"844,844",Leaking
101.5,26.287,0.0663,"844,844",Leaking
101.5,26.271,0.0957,"844,844",Leaking
101.5,26.355,0.0661,"844,844",Leaking
101.5,26.29,0.0972,"844,844",Leaking
101.5,26.2,0.0688,"844,844",Leaking
101.5,26.355,0.0899,"844,844",Leaking
101.5,26.254,0.083,"844,844",Leaking
101.5,26.218,0.0711,"844,844",Leaking
101.5,26.312,0.0766,"844,844",Leaking
101.5,26.208,0.0885,"844,844",Leaking
101.5,26.276,0.0789,"844,844",Leaking
101.5,26.281,0.0725,"844,844",Leaking
101.5,26.317,0.0786,"844,844",Leaking
101.5,26.2,0.0821,"844,844",Leaking
101.5,26.179,0.0764,"844,844",Leaking
101.5,26.263,0.0819,"844,844",Leaking
101.5,26.136,0.0838,"844,844",Leaking
101.5,26.112,0.0775,"844,844",Leaking
101.5,26.127,0.084,"844,844",Leaking
101.5,26.038,0.0857,"844,844",Leaking
101.5,26.073,0.0767,"844,844",Leaking
101.5,25.97,0.0814,"844,844",Leaking
101.5,25.934,0.0813,"844,844",Leaking
101.5,25.844,0.0812,"844,844",Leaking
101.5,26.104,0.0779,"844,844",Leaking
101.5,26.462,0.0807,"844,844",Leaking
101.5,26.698,0.0818,"844,844",Leaking
101.5,26.147,0.0781,"844,844",Leaking
101.5,28.806,0.0735,"844,844",Leaking
101.5,26.768,0.0751,"844,844",Leaking
101.5,26.364,0.0749,"844,844",Leaking
101.5,26.238,0.0737,"844,844",Leaking
101.3,29.732,2.3237,"844,844",No Leaking
101.3,29.845,2.3184,"844,844",No Leaking
101.3,29.869,2.3165,"844,844",No Leaking
101.3,29.876,2.3361,"844,844",No Leaking
101.3,29.714,2.342,"844,844",No Leaking
101.3,29.7255,2.3356,"844,844",No Leaking
101.3,29.655,2.1727,"844,844",No Leaking
101.3,29.698,2.1144,"844,844",No Leaking
101.3,29.683,2.1132,"844,844",No Leaking
101.3,29.529,2.1144,"844,844",No Leaking
101.3,29.471,2.0046,"844,844",No Leaking
101,29.41,2.0096,"844,844",No Leaking
101,29.34,2.0064,"844,844",No Leaking
101,29.269,2.0077,"844,844",No Leaking
101,29.262,2.9965,"844,844",No Leaking
101,29.404,2.0042,"844,844",No Leaking
101,29.233,2.0023,"844,844",No Leaking
101,29.109,2.0153,"844,844",No Leaking
101,28.823,2.0942,"844,844",No Leaking
101,31.404,2.0724,"844,844",No Leaking
101,31.53,2.1768,"844,844",No Leaking
101,31.482,2.2553,"844,844",No Leaking
101,31.32,2.1191,"844,844",No Leaking
101,31.192,2.0584,"844,844",No Leaking
99.98,31.318,2.1544,"844,844",No Leaking
99.98,31.584,2.1043,"844,844",No Leaking
101.5,28.508,0.0744,"844,844",Leaking
101.5,26.121,0.0748,"844,844",Leaking
101.5,26.104,0.0722,"844,844",Leaking
101.5,26.158,0.0751,"844,844",Leaking
101.5,26.453,0.0758,"844,844",Leaking
101.5,26.201,0.0732,"844,844",Leaking
101.5,26.903,0.073,"844,844",Leaking
101.5,26.814,0.0736,"844,844",Leaking
101.5,26.047,0.0754,"844,844",Leaking
101.5,26.778,0.0728,"844,844",Leaking
101.5,26.904,0.0748,"844,844",Leaking
101.5,26.562,0.0722,"844,844",Leaking
101.5,26.225,0.0751,"844,844",Leaking
101.5,26.184,0.0758,"844,844",Leaking
101.5,26.885,0.0732,"844,844",Leaking
101.5,26.516,0.073,"844,844",Leaking
101.5,26.994,0.0736,"844,844",Leaking
101.5,26.425,0.0754,"844,844",Leaking
101.5,26.739,0.0728,"844,844",Leaking
101.5,26.868,0.0745,"844,844",Leaking
101.5,26.814,0.0738,"844,844",Leaking
101.5,26.246,0.073,"844,844",Leaking
101.5,26.958,0.0729,"844,844",Leaking
101.5,26.954,0.0742,"844,844",Leaking
101.5,26.961,0.0724,"844,844",Leaking
101.5,26.798,0.0726,"844,844",Leaking
101.5,26.956,0.0741,"844,844",Leaking
101.5,26.516,0.0728,"844,844",Leaking
101.5,26.551,0.0726,"844,844",Leaking
101.5,26.868,0.0736,"844,844",Leaking
101.5,26.246,0.0712,"844,844",Leaking
101.5,26.478,0.0723,"844,844",Leaking
101.5,26.939,0.5008,"844,844",Leaking
101.5,26.047,0.5019,"844,844",Leaking
101.5,26.796,0.4997,"844,844",Leaking
101.5,26.885,0.5017,"844,844",Leaking
101.5,26.768,0.5081,"844,844",Leaking
101.5,26.957,0.504,"844,844",Leaking
101.5,26.922,0.5028,"844,844",Leaking
101.5,26.696,0.5092,"844,844",Leaking
101.5,26.894,0.5037,"844,844",Leaking
101.5,26.532,0.4972,"844,844",Leaking
101.5,26.408,0.4965,"844,844",Leaking
101.5,26.796,0.5071,"844,844",Leaking
101.5,26.778,0.505,"844,844",Leaking
101.5,26.264,0.5047,"844,844",Leaking
101.5,26.354,0.5092,"844,844",Leaking
101.5,26.731,0.5112,"844,844",Leaking
101.5,25.975,0.5106,"844,844",Leaking
101.5,26.047,0.5091,"844,844",Leaking
101.5,25.947,0.5095,"844,844",Leaking
101.5,25.994,0.5074,"844,844",Leaking
101.5,26.047,0.5102,"844,844",Leaking
101.5,26.903,0.5001,"844,844",Leaking
101.5,26.354,0.5043,"844,844",Leaking
101.5,26.817,0.5116,"844,844",Leaking
101.5,26.106,0.5121,"844,844",Leaking
101.5,26.708,0.5109,"844,844",Leaking
101.5,26.591,0.511,"844,844",Leaking
101.5,26.285,0.5142,"844,844",Leaking
101.5,26.232,0.5133,"844,844",Leaking
101.5,26.597,1.6409,"844,844",Leaking
101.5,26.411,1.6377,"844,844",Leaking
99.8,26.044,1.6298,"844,844",Leaking
99.8,26.028,0.51,"844,844",Leaking
99.8,26.335,0.5098,"844,844",Leaking
99.8,26.371,0.513,"844,844",Leaking
99.8,26.341,0.515,"844,844",Leaking
99.8,26.303,0.5094,"844,844",Leaking
99.8,26.181,0.55145,"844,844",Leaking
99.8,26.226,0.5124,"844,844",Leaking
99.8,26.246,0.5129,"844,844",Leaking
99.8,23.328,0.511,"844,844",Leaking
99.8,26.244,0.5087,"844,844",Leaking
99.8,26.188,0.5082,"844,844",Leaking
99.8,26.163,0.5193,"844,844",Leaking
99.8,26.101,0.5141,"844,844",Leaking
99.8,26.195,0.5097,"844,844",Leaking
99.8,26.195,0.5178,"844,844",Leaking
99.8,26.264,0.5104,"844,844",Leaking
99.8,22.018,0.5116,"844,844",Leaking
99.8,21.933,0.5158,"844,844",Leaking
99.8,21.918,0.5078,"844,844",Leaking
99.8,22.098,0.509,"844,844",Leaking
99.8,22.005,0.5125,"844,844",Leaking
99.8,22.05,0.5165,"844,844",Leaking
99.8,22.032,0.5167,"844,844",Leaking
99.8,21.095,0.5142,"844,844",Leaking
99.8,22.109,0.5118,"844,844",Leaking
99.8,22.127,0.51,"844,844",Leaking
99.8,22.123,0.5074,"844,844",Leaking
99.8,22.006,0.5105,"844,844",Leaking
99.8,22.023,0.5135,"844,844",Leaking
99.8,22.087,0.5157,"844,844",Leaking
99.8,22.041,0.5147,"844,844",Leaking
99.8,22.01,0.546,"844,844",Leaking
101.4,22.177,0.5468,"844,844",Leaking
101.4,22.104,0.5531,"844,844",Leaking
101.4,22.102,0.5517,"844,844",Leaking
101.4,22.037,0.5545,"844,844",Leaking
101.4,22.152,0.5487,"844,844",Leaking
101.4,22.168,0.5465,"844,844",Leaking
101.4,22.084,0.5503,"844,844",Leaking
101.4,22.039,0.5477,"844,844",Leaking
101.4,22.177,0.552,"844,844",Leaking
101.4,22.104,0.5397,"844,844",Leaking
101.4,22.102,0.5183,"844,844",Leaking
101.4,22.037,1.6319,"844,844",Leaking
99.98,31.658,2.1265,"844,844",No Leaking
99.98,31.561,2.0429,"844,844",No Leaking
99.98,31.294,2.0216,"844,844",No Leaking
99.98,28.965,2.0018,"844,844",No Leaking
99.98,28.566,2.0074,"844,844",No Leaking
99.98,28.456,2.0098,"844,844",No Leaking
99.98,28.146,2.0153,"844,844",No Leaking
99.98,28.008,2.0117,"844,844",No Leaking
99.98,27.124,2.0115,"844,844",No Leaking
99.98,27.118,2.0155,"844,844",No Leaking
99.98,27.144,2.0019,"844,844",No Leaking
99.98,27.118,2.0043,"844,844",No Leaking
99.98,27.009,2.0123,"844,844",No Leaking
99.98,27.055,2.0073,"844,844",No Leaking
99.98,27.096,2.0112,"844,844",No Leaking
99.98,27.046,2.0081,"844,844",No Leaking
99.98,27.073,2.0001,"844,844",No Leaking
99.98,27.009,2.1636,"844,844",No Leaking
99.98,27.091,2.1668,"844,844",No Leaking
101.5,27.239,2.1635,"844,844",No Leaking
101.5,27.217,2.1648,"844,844",No Leaking
101.5,28.008,2.1714,"844,844",No Leaking
101.5,28.211,2.1629,"844,844",No Leaking
101.5,30.061,2.1593,"844,844",No Leaking
101.5,30.466,2.1595,"844,844",No Leaking
101.5,29.278,2.1484,"844,844",No Leaking
101.5,28.008,2.1422,"844,844",No Leaking
101.5,27.97,2.1436,"844,844",No Leaking
101.5,29.102,2.1521,"844,844",No Leaking
101.5,29.104,2.1584,"844,844",No Leaking
101.5,29.102,2.1464,"844,844",No Leaking
101.5,29.104,2.1497,"844,844",No Leaking
101.5,29.102,2.1597,"844,844",No Leaking
101.5,29.104,2.1486,"844,844",No Leaking
101.5,27.0011,2.1513,"844,844",No Leaking
101.5,28.416,2.1465,"844,844",No Leaking
101.6,28.728,2.1427,"844,844",No Leaking
101.6,28.726,2.1395,"844,844",No Leaking
101.6,28.726,2.1369,"844,844",No Leaking
101.6,27.544,2.1348,"844,844",No Leaking
101.6,27.127,2.1211,"844,844",No Leaking
101.6,27.131,2.1198,"844,844",No Leaking
101.6,27.246,2.1092,"844,844",No Leaking
101.6,27.345,2.0074,"844,844",No Leaking
101.6,27.634,2.0098,"844,844",No Leaking
101.6,27.781,2.0153,"844,844",No Leaking
101.6,27.109,2.0117,"844,844",No Leaking
101.6,27.154,2.0115,"844,844",No Leaking
101.6,27.219,2.0155,"844,844",No Leaking
101.6,27.156,2.0019,"844,844",No Leaking
101,27.169,2.0043,"844,844",No Leaking
101,27.196,2.0123,"844,844",No Leaking
101,27.208,2.0073,"844,844",No Leaking
101,27.171,2.0112,"844,844",No Leaking
101,27.036,2.0081,"844,844",No Leaking
101,27.218,2.0001,"844,844",No Leaking
101,27.173,2.0054,"844,844",No Leaking
101,27.117,2.0069,"844,844",No Leaking
101.5,27.109,2.0034,"844,844",No Leaking
101.5,27.154,2.0156,"844,844",No Leaking
101.5,27.219,2.0149,"844,844",No Leaking
101.5,27.156,2.0286,"844,844",No Leaking
101.5,27.169,2.0056,"844,844",No Leaking
101.5,27.196,2.0032,"844,844",No Leaking
101.5,27.208,2.0061,"844,844",No Leaking
101.5,27.171,2.0095,"844,844",No Leaking
101.5,27.036,2.0172,"844,844",No Leaking
101.5,27.218,2.0081,"844,844",No Leaking
101.5,27.171,2.0063,"844,844",No Leaking
101.5,27.117,2.0049,"844,844",No Leaking
101.4,22.152,1.6295,"844,844",Leaking
101.4,22.168,1.6232,"844,844",Leaking
101.4,22.084,1.6543,"844,844",Leaking
101.4,22.039,1.6291,"844,844",Leaking
101,29.215,2.1605,"809,809",No Leaking
102.7,29.142,2.1542,"809,809",No Leaking
102.7,29.028,2.1431,"809,809",No Leaking
101.8,29.242,2.1888,"809,809",No Leaking
101.8,29.779,2.2002,"809,809",No Leaking
101.8,29.746,2.2047,"809,809",No Leaking
101.8,29.707,2.1952,"809,809",No Leaking
102.4,29.07,2.1501,"809,809",No Leaking
101.8,29.651,2.1957,"809,809",No Leaking
101.8,29.66,2.1927,"809,809",No Leaking
101.7,29.611,2.1893,"809,809",No Leaking
101.7,29.534,2.1875,"809,809",No Leaking
101.7,29.559,2.1914,"809,809",No Leaking
101.7,29.592,2.187,"809,809",No Leaking
102.6,26.955,1.994,"809,809",Leaking
102,26.962,1.9963,"809,809",Leaking
101.9,26.193,1.9349,"809,809",Leaking
101,26.098,1.93,"809,809",Leaking
101,25.961,1.9198,"809,809",Leaking
101.7,25.945,1.9202,"809,809",Leaking
101.6,26.409,2.0007,"809,809",Leaking
101.8,26.526,1.9871,"809,809",Leaking
102.1,25.822,1.867,"809,809",Leaking
102.3,24.91,1.8305,"809,809",Leaking
102.3,24.753,1.828,"809,809",Leaking
102.4,24.618,1.8239,"809,809",Leaking
102.4,24.624,1.8193,"809,809",Leaking
102.4,24.588,1.826,"809,809",Leaking
102.4,24.694,1.822,"809,809",Leaking
102.4,24.642,1.8215,"809,809",Leaking
102.4,24.642,1.8234,"809,809",Leaking
102.4,24.609,1.8219,"809,809",Leaking
102.4,24.622,1.8224,"809,809",Leaking
102.4,24.638,1.8219,"809,809",Leaking
102.4,24.616,1.8209,"809,809",Leaking
102.4,24.628,1.8217,"809,809",Leaking
102.4,24.555,1.8213,"809,809",Leaking
101.5,29.534,2.1952,"809,809",No Leaking
101.6,29.687,2.2107,"809,809",No Leaking
101.6,29.851,2.2175,"809,809",No Leaking
101.7,29.806,2.196,"809,809",No Leaking
101.7,29.743,2.2712,"809,809",No Leaking
101.6,30.524,2.2358,"809,809",No Leaking
101.7,29.833,2.1968,"809,809",No Leaking
101.7,29.566,2.1838,"809,809",No Leaking
101.6,29.496,2.1885,"809,809",No Leaking
101.8,29.563,2.1861,"809,809",No Leaking
101.9,29.442,2.1659,"809,809",No Leaking
101.9,28.99,2.1294,"809,809",No Leaking
102,28.456,2.1017,"809,809",No Leaking
102.1,28.353,2.0957,"809,809",No Leaking
102.1,28.281,2.09,"809,809",No Leaking
102.1,28.213,2.086,"809,809",No Leaking
102.1,28.146,2.0771,"809,809",No Leaking
101.9,28.166,2.0894,"809,809",No Leaking
102.1,28.184,2.0856,"809,809",No Leaking
102.1,28.144,2.072,"809,809",No Leaking
102.4,29.023,2.1442,"809,809",No Leaking
102.7,28.947,2.143,"809,809",No Leaking
102.7,28.886,1.1402,"809,809",No Leaking
102.7,28.998,2.1413,"809,809",No Leaking
102.7,28.897,2.1375,"809,809",No Leaking
102.7,28.893,2.1409,"809,809",No Leaking
102.7,28.967,2.1457,"809,809",No Leaking
102.7,28.99,2.1477,"809,809",No Leaking
102.7,29.008,2.1457,"809,809",No Leaking
102.7,28.969,2.1357,"809,809",No Leaking
102.7,28.841,2.1279,"809,809",No Leaking
102.7,28.737,2.1213,"809,809",No Leaking
102.7,28.657,2.122,"809,809",No Leaking
102.7,28.665,2.1196,"809,809",No Leaking
102.7,28.665,2.1196,"809,809",No Leaking
102.7,28.636,2.1137,"809,809",No Leaking
102.7,28.664,2.1166,"809,809",No Leaking
102.7,28.589,2.1195,"809,809",No Leaking
102.7,28.625,2.1184,"809,809",No Leaking
102.7,28.602,2.1083,"809,809",No Leaking
102.7,28.504,2.1044,"809,809",No Leaking
102.7,28.441,2.1024,"809,809",No Leaking
102.7,28.416,2.1074,"809,809",No Leaking
102.7,28.438,2.1172,"809,809",No Leaking
102.7,28.562,2.1198,"809,809",No Leaking
102.7,28.568,2.1196,"809,809",No Leaking
102.7,28.647,2.1131,"809,809",No Leaking
102.7,28.582,2.1133,"809,809",No Leaking
102.7,28.517,2.1093,"809,809",No Leaking
102.7,28.238,2.0888,"809,809",No Leaking
102.6,28.209,2.0797,"809,809",No Leaking
102.6,28.101,2.0812,"809,809",No Leaking
102.6,28.126,2.0919,"809,809",No Leaking
102.6,28.242,2.0904,"809,809",No Leaking
102.6,28.243,2.0941,"809,809",No Leaking
102.6,28.279,2.0968,"809,809",No Leaking
102.6,28.317,2.0942,"809,809",No Leaking
102.6,28.297,2.0822,"809,809",No Leaking
102.6,28.263,2.0832,"809,809",No Leaking
102.4,24.609,1.8169,"809,809",Leaking
102.4,24.532,1.8162,"809,809",Leaking
102.4,24.577,1.8267,"809,809",Leaking
102.4,24.741,1.8301,"809,809",Leaking
102.4,24.706,1.8266,"809,809",Leaking
102.4,24.658,1.8201,"809,809",Leaking
102.4,24.566,1.8124,"809,809",Leaking
102.4,24.552,1.8191,"809,809",Leaking
102.4,24.571,1.8202,"809,809",Leaking
102.4,24.598,1.8193,"809,809",Leaking
102.4,24.642,1.8213,"809,809",Leaking
102.4,24.607,1.8254,"809,809",Leaking
102.4,24.649,1.8294,"809,809",Leaking
102.4,24.69,1.8257,"809,809",Leaking
102.4,24.665,1.8277,"809,809",Leaking
102.4,24.69,1.8208,"809,809",Leaking
102.4,24.618,1.8277,"809,809",Leaking
102.4,24.683,1.8328,"809,809",Leaking
102.4,24.741,1.8167,"809,809",Leaking
102.4,24.566,1.8206,"809,809",Leaking
102.4,24.577,1.8194,"809,809",Leaking
102.4,24.606,1.8232,"809,809",Leaking
102.4,24.633,1.8206,"809,809",Leaking
102.4,24.24,1.7987,"809,809",Leaking
102.4,23.544,1.6914,"809,809",Leaking
102.4,22.573,1.6441,"809,809",Leaking
102.4,21.808,1.6082,"809,809",Leaking
102.4,21.708,1.6064,"809,809",Leaking
102.4,21.704,1.6063,"809,809",Leaking
102.4,21.664,1.6,"809,809",Leaking
102.4,21.502,1.5868,"809,809",Leaking
102.4,21.501,1.5938,"809,809",Leaking
102.4,21.551,1.5921,"809,809",Leaking
102.4,21.51,1.5909,"809,809",Leaking
102.4,21.569,1.5949,"809,809",Leaking
102.4,21.542,1.5904,"809,809",Leaking
102.4,21.49,1.5893,"809,809",Leaking
102.4,21.575,1.5929,"809,809",Leaking
102.4,21.497,1.5922,"809,809",Leaking
102.4,21.547,1.5845,"809,809",Leaking
102.4,21.425,1.5782,"809,809",Leaking
102.4,21.324,1.5711,"809,809",Leaking
102.4,21.151,1.5618,"809,809",Leaking
102.4,21.108,1.5688,"809,809",Leaking
102.4,21.214,1.5705,"809,809",Leaking
102.4,21.203,1.5624,"809,809",Leaking
102.4,21.3909,1.5483,"809,809",Leaking
102.4,21.3462,1.5063,"809,809",Leaking
101.6,19.504,1.4413,"809,809",Leaking
101.6,19.472,1.436,"809,809",Leaking
101.6,19.398,1.4308,"809,809",Leaking
101.6,19.337,1.4409,"809,809",Leaking
101.6,19.501,1.4404,"809,809",Leaking
101.6,19.461,1.4374,"809,809",Leaking
101.6,19.405,1.4365,"809,809",Leaking
101.6,19.416,1.4345,"809,809",Leaking
101.6,19.292,1.4249,"809,809",Leaking
101.6,19.26,1.4268,"809,809",Leaking
102.6,28.068,2.073,"809,809",No Leaking
102.6,28.02,2.0799,"809,809",No Leaking
102.6,28.074,2.0904,"809,809",No Leaking
102.6,28.198,2.1,"809,809",No Leaking
102.6,28.333,2.097,"809,809",No Leaking
102.6,28.35,2.0906,"809,809",No Leaking
102.6,28.272,2.0869,"809,809",No Leaking
102.6,27.639,2.0437,"809,809",No Leaking
102.5,28.087,2.0824,"809,809",No Leaking
102.5,28.193,2.0907,"809,809",No Leaking
102.5,28.135,2.0821,"809,809",No Leaking
102.5,28.005,2.0735,"809,809",No Leaking
102.5,28.085,2.0776,"809,809",No Leaking
102.5,28.027,2.0778,"809,809",No Leaking
102.5,28.078,2.0784,"809,809",No Leaking
102.5,28.069,2.0746,"809,809",No Leaking
102.5,28.018,2.0732,"809,809",No Leaking
102.5,28.004,2.0752,"809,809",No Leaking
102.5,28.027,2.0706,"809,809",No Leaking
102.5,27.961,2.0665,"809,809",No Leaking
102.5,27.923,2.069,"809,809",No Leaking
102.5,27.937,2.0708,"809,809",No Leaking
102.5,27.97,2.0671,"809,809",No Leaking
102.5,28.047,2.072,"809,809",No Leaking
102.5,28.006,2.0674,"809,809",No Leaking
102.5,27.95,2.0628,"809,809",No Leaking
102.5,27.804,2.0583,"809,809",No Leaking
102.5,27.788,2.0657,"809,809",No Leaking
102.5,27.888,2.07,"809,809",No Leaking
102.5,27.945,2.0699,"809,809",No Leaking
102.5,27.97,2.0722,"809,809",No Leaking
102.5,27.982,2.0651,"809,809",No Leaking
102.5,27.952,2.0559,"809,809",No Leaking
102.5,27.739,2.0513,"809,809",No Leaking
102.5,27.714,2.0534,"809,809",No Leaking
102.5,27.752,2.0546,"809,809",No Leaking
102.5,27.783,2.0594,"809,809",No Leaking
102.5,27.828,2.0584,"809,809",No Leaking
102.5,27.819,2.0631,"809,809",No Leaking
102.5,27.901,2.0671,"809,809",No Leaking
102.5,27.907,2.0634,"809,809",No Leaking
102.5,27.856,2.06,"809,809",No Leaking
102.5,27.804,2.54,"809,809",No Leaking
102.5,27.729,2.0522,"809,809",No Leaking
102.5,27.72,2.0531,"809,809",No Leaking
102.5,27.747,2.0511,"809,809",No Leaking
102.5,27.694,2.0504,"809,809",No Leaking
102.5,27.712,2.0548,"809,809",No Leaking
102.5,27.752,2.0561,"809,809",No Leaking
102.5,27.793,2.0615,"809,809",No Leaking
102.5,27.851,2.0654,"809,809",No Leaking
102.5,27.889,2.0586,"809,809",No Leaking
102.5,27.792,2.0509,"809,809",No Leaking
102.5,27.709,2.0562,"809,809",No Leaking
102.5,27.781,2.0638,"809,809",No Leaking
101.6,19.242,1.4211,"809,809",Leaking
101.6,19.254,1.4321,"809,809",Leaking
101.6,19.459,1.4466,"809,809",Leaking
101.6,19.533,1.443,"809,809",Leaking
101.6,19.501,1.4429,"809,809",Leaking
101.6,19.477,1.4389,"809,809",Leaking
101.6,19.539,1.4981,"809,809",Leaking
101.6,20.586,1.5794,"809,809",Leaking
101.6,21.438,1.612,"809,809",Leaking
101.6,21.817,1.6245,"809,809",Leaking
101.7,21.951,1.6261,"809,809",Leaking
101.7,21.979,1.6288,"809,809",Leaking
101.7,22.041,1.6314,"809,809",Leaking
101.7,22.037,1.6363,"809,809",Leaking
101.7,21.988,1.6257,"809,809",Leaking
101.7,21.963,1.6257,"809,809",Leaking
102.2,20.863,1.6257,"809,809",Leaking
102.2,21.565,1.4856,"809,809",Leaking
102.1,20.169,1.4417,"809,809",Leaking
101.7,19.2,1.4378,"809,809",Leaking
101.6,20.649,1.4651,"809,809",Leaking
101.6,19.632,1.4493,"809,809",Leaking
101.6,19.594,1.4506,"809,809",Leaking
101.6,19.504,1.4406,"809,809",Leaking
101.6,19.533,1.4425,"809,809",Leaking
101.6,19.398,1.4422,"809,809",Leaking
101.6,19.573,1.4475,"809,809",Leaking
101.5,19.537,1.4407,"809,809",Leaking
101.6,19.459,1.4394,"809,809",Leaking
101.6,19.447,1.4425,"809,809",Leaking
101.5,19.49,1.4457,"809,809",Leaking
101.5,19.474,1.4436,"809,809",Leaking
101.5,19.515,1.451,"809,809",Leaking
101.5,19.587,1.4463,"809,809",Leaking
101.5,19.544,1.4444,"809,809",Leaking
101.5,19.497,1.4372,"809,809",Leaking
101.5,19.427,1.4438,"809,809",Leaking
101.5,19.499,1.4461,"809,809",Leaking
101.5,19.537,1.4445,"809,809",Leaking
101.5,19.517,1.4392,"809,809",Leaking
101.5,19.454,1.4341,"809,809",Leaking
101.5,19.377,1.4264,"809,809",Leaking
101.5,19.281,1.4309,"809,809",Leaking
101.5,19.319,1.4307,"809,809",Leaking
101.5,19.337,1.4254,"809,809",Leaking
101.5,19.265,1.4287,"809,809",Leaking
101.5,19.281,1.4348,"809,809",Leaking
101.5,19.368,1.4296,"809,809",Leaking
101.5,19.324,1.4344,"809,809",Leaking
101.5,19.362,1.4348,"809,809",Leaking
101.8,19.389,1.4349,"809,809",Leaking
102,19.377,1.44,"809,809",Leaking
102.2,19.434,1.4303,"809,809",Leaking
102.4,19.395,1.4113,"809,809",Leaking
102.5,27.867,2.0586,"809,809",No Leaking
102.5,27.815,2.0562,"809,809",No Leaking
102.5,27.777,2.0553,"809,809",No Leaking
102.5,27.77,2.0577,"809,809",No Leaking
102.4,19.166,1.4057,"809,809",Leaking
102.5,18.954,1.4,"809,809",Leaking
102.5,18.896,1.383,"809,809",Leaking
102.5,18.963,1.4101,"809,809",Leaking
102.6,19.112,1.4164,"809,809",Leaking
102.6,19.144,1.4212,"809,809",Leaking
102.6,19.144,1.4212,"809,809",Leaking
102.6,19.233,1.4244,"809,809",Leaking
102.6,19.206,1.4187,"809,809",Leaking
102.6,19.13,1.4143,"809,809",Leaking
102.6,19.098,1.4114,"809,809",Leaking
102.6,19.031,1.4061,"809,809",Leaking
102.6,19.017,1.4091,"809,809",Leaking
102.6,19.013,1.4045,"809,809",Leaking
102.6,18.988,1.4084,"809,809",Leaking
102.6,19.026,1.4061,"809,809",Leaking
102.6,18.932,1.3971,"809,809",Leaking
102.6,18.878,1.4035,"809,809",Leaking
102.6,18.957,1.4085,"809,809",Leaking
102.6,19.029,1.4081,"809,809",Leaking
102.6,19.015,1.4094,"809,809",Leaking
102.5,27.979,2.0538,"809,809",No Leaking
102.5,27.75,2.048,"809,809",No Leaking
102.5,27.678,2.0486,"809,809",No Leaking
102.5,27.693,2.0478,"809,809",No Leaking
102.5,27.248,2.02,"809,809",No Leaking
102.5,27.248,2.0206,"809,809",No Leaking
102.5,27.289,2.0168,"809,809",No Leaking
102.5,27.232,2.0139,"809,809",No Leaking
102.5,27.192,2.0107,"809,809",No Leaking
102.5,27.203,2.0155,"809,809",No Leaking
102.5,27.234,2.0214,"809,809",No Leaking
102.5,27.277,2.0217,"809,809",No Leaking
102.5,27.302,2.0193,"809,809",No Leaking
102.5,27.286,2.0217,"809,809",No Leaking
102.5,27.316,2.0227,"809,809",No Leaking
102.5,27.264,2.0195,"809,809",No Leaking
102.6,19.04,1.4122,"809,809",Leaking
102.6,19.072,1.41,"809,809",Leaking
102.6,19.056,1.4043,"809,809",Leaking
102.6,18.977,1.406,"809,809",Leaking
102.6,18.986,1.4124,"809,809",Leaking
102.6,18.986,1.4124,"809,809",Leaking
102.6,19.069,1.4127,"809,809",Leaking
102.6,19.069,1.4127,"809,809",Leaking
102.6,19.089,1.4071,"809,809",Leaking
102.6,19.013,1.4045,"809,809",Leaking
102.6,18.977,1.4025,"809,809",Leaking
102.6,18.957,1.4238,"809,809",Leaking
102.6,18.954,1.4138,"809,809",Leaking
102.6,19.058,1.4132,"809,809",Leaking
102.6,19.092,1.4125,"809,809",Leaking
102.6,19.092,1.4125,"809,809",Leaking
102.6,19.085,1.4077,"809,809",Leaking
102.6,19.033,1.4072,"809,809",Leaking
102.5,27.25,2.0189,"809,809",No Leaking
102.5,27.25,2.0231,"809,809",No Leaking
102.5,27.307,2.0231,"809,809",No Leaking
102.5,27.324,2.0218,"809,809",No Leaking
102.5,27.309,2.0226,"809,809",No Leaking
102.5,27.325,2.0154,"809,809",No Leaking
102.5,27.27,2.0069,"809,809",No Leaking
102.5,27.149,2.0121,"809,809",No Leaking
102.5,27.167,2.009,"809,809",No Leaking
102.5,27.129,2.0092,"809,809",No Leaking
102.5,27.196,2.0168,"809,809",No Leaking
102.5,27.257,2.0173,"809,809",No Leaking
102.5,27.23,2.0124,"809,809",No Leaking
102.5,27.149,2.0076,"809,809",No Leaking
102.5,27.131,2.0112,"809,809",No Leaking
102.5,27.207,2.0157,"809,809",No Leaking
102.5,27.23,2.0138,"809,809",No Leaking
102.5,27.189,2.0007,"809,809",No Leaking
102.5,27.111,2.006,"809,809",No Leaking
102.5,27.131,2.0102,"809,809",No Leaking
102.5,27.138,2.0005,"809,809",No Leaking
102.5,27.138,2.0085,"809,809",No Leaking
102.5,27.135,2.0074,"809,809",No Leaking
102.5,27.1,2.0051,"809,809",No Leaking
102.5,27.108,2.0072,"809,809",No Leaking
102.5,27.095,2.0029,"809,809",No Leaking
102.5,27.063,2.0024,"809,809",No Leaking
102.5,27.045,2.0041,"809,809",No Leaking
102.5,27.093,2.0121,"809,809",No Leaking
102.5,27.192,2.0139,"809,809",No Leaking
102.5,27.203,2.0129,"809,809",No Leaking
102.5,27.192,2.0136,"809,809",No Leaking
102.5,27.205,2.0125,"809,809",No Leaking
102.5,27.187,2.0097,"809,809",No Leaking
102.5,27.147,2.0074,"809,809",No Leaking
102.5,27.12,2.0123,"809,809",No Leaking
102.5,27.018,2.0245,"809,809",No Leaking
102.5,27.015,2.0087,"809,809",No Leaking
102.5,27.162,2.0893,"809,809",No Leaking
102.5,27.104,2.1034,"809,809",No Leaking
102.5,27.234,2.0049,"809,809",No Leaking
102.5,27.265,2.0028,"809,809",No Leaking
102.5,27.027,2.0002,"809,809",No Leaking
102.4,28.828,2.1209,"809,809",No Leaking
102.4,28.78,2.12,"809,809",No Leaking
102.4,28.78,2.1339,"809,809",No Leaking
102.4,28.825,2.1349,"809,809",No Leaking
102.4,28.746,2.1304,"809,809",No Leaking
102.4,28.845,2.1347,"809,809",No Leaking
102.4,28.879,2.1351,"809,809",No Leaking
102.4,28.857,2.1386,"809,809",No Leaking
102.4,28.814,2.1192,"809,809",No Leaking
102.4,28.639,2.1308,"809,809",No Leaking
102.4,28.776,2.1228,"809,809",No Leaking
102.4,28.686,2.122,"809,809",No Leaking
102.4,28.668,2.1185,"809,809",No Leaking
102.4,28.639,2.1233,"809,809",No Leaking
102.4,28.731,2.1331,"809,809",No Leaking
102.4,28.792,2.1325,"809,809",No Leaking
102.4,28.753,2.1247,"809,809",No Leaking
102.4,28.683,2.1236,"809,809",No Leaking
102.4,28.701,2.1247,"809,809",No Leaking
102.4,28.675,2.1227,"809,809",No Leaking
102.4,28.706,2.1283,"809,809",No Leaking
102.4,28.656,2.1198,"809,809",No Leaking
102.4,28.697,2.1324,"809,809",No Leaking
102.4,28.821,2.1347,"809,809",No Leaking
102.4,28.866,2.136,"809,809",No Leaking
102.4,28.854,2.1349,"809,809",No Leaking
102.4,28.753,2.1229,"809,809",No Leaking
102.3,28.684,2.1252,"809,809",No Leaking
102.3,28.71,2.124,"809,809",No Leaking
102.3,28.654,2.1166,"809,809",No Leaking
102.2,28.6,2.1241,"809,809",No Leaking
102.2,28.672,2.1126,"809,809",No Leaking
102.2,28.474,2.1005,"809,809",No Leaking
102.2,28.391,2.1051,"809,809",No Leaking
102.2,28.416,2.0973,"809,809",No Leaking
102.2,28.346,2.0944,"809,809",No Leaking
102.2,28.31,2.1,"809,809",No Leaking
102.2,28.366,2.1009,"809,809",No Leaking
102.1,28.468,2.1109,"809,809",No Leaking
102.1,28.519,2.1098,"809,809",No Leaking
102.1,28.497,2.1082,"809,809",No Leaking
102.1,28.483,2.1086,"809,809",No Leaking
102,28.485,2.11,"809,809",No Leaking
102,28.481,2.118,"809,809",No Leaking
102,28.551,2.1132,"809,809",No Leaking
102,28.544,2.1137,"809,809",No Leaking
101.9,28.463,2.1065,"809,809",No Leaking
101.8,28.526,2.1218,"809,809",No Leaking
101.8,28.792,2.1502,"809,809",No Leaking
102.1,27.946,2.0611,"809,809",No Leaking
102.2,27.858,2.0652,"809,809",No Leaking
102.2,27.909,2.0716,"809,809",No Leaking
102.2,27.939,2.0652,"809,809",No Leaking
102.2,27.9,2.0618,"809,809",No Leaking
102.2,27.855,2.0592,"809,809",No Leaking
102.2,27.765,2.06,"809,809",No Leaking
102.2,27.819,2.059,"809,809",No Leaking
102.2,27.82,2.0531,"809,809",No Leaking
102.2,27.831,2.0673,"809,809",No Leaking
102.2,27.91,2.0626,"809,809",No Leaking
102.2,27.869,2.0629,"809,809",No Leaking
102.2,27.865,2.0567,"809,809",No Leaking
102.2,27.87,2.0553,"809,809",No Leaking
102.3,27.801,2.0585,"809,809",No Leaking
102.2,27.84,2.0598,"809,809",No Leaking
102.3,27.743,2.0475,"809,809",No Leaking
102.3,27.662,2.0467,"809,809",No Leaking
102.3,27.631,2.0436,"809,809",No Leaking
102.3,27.68,2.0498,"809,809",No Leaking
102.3,27.707,2.0526,"809,809",No Leaking
102.3,27.558,2.0396,"809,809",No Leaking
102.3,27.57,2.0442,"809,809",No Leaking
102.2,27.608,2.0408,"809,809",No Leaking
102.3,27.577,2.0435,"809,809",No Leaking
102.2,27.653,2.0519,"809,809",No Leaking
102.6,19.004,1.4047,"809,809",Leaking
102.6,18.99,1.3999,"809,809",Leaking
102.6,18.93,1.405,"809,809",Leaking
102.6,18.941,1.4097,"809,809",Leaking
102.6,19.038,1.4036,"809,809",Leaking
102.6,18.95,1.4025,"809,809",Leaking
102.6,18.954,1.4039,"809,809",Leaking
102.6,18.988,1.408,"809,809",Leaking
102.6,19.06,1.4133,"809,809",Leaking
102.5,19.089,1.4087,"809,809",Leaking
102.5,18.968,1.3989,"809,809",Leaking
102.5,18.968,1.3989,"809,809",Leaking
102.5,18.898,1.4014,"809,809",Leaking
102.2,27.727,2.0549,"809,809",No Leaking
102.2,27.741,2.0483,"809,809",No Leaking
102.1,27.666,2.0434,"809,809",No Leaking
102.1,27.612,2.0487,"809,809",No Leaking
102.2,27.586,2.0406,"809,809",No Leaking
102.2,27.653,2.041,"809,809",No Leaking
102.3,27.592,2.0366,"809,809",No Leaking
102.3,27.522,2.0347,"809,809",No Leaking
102.3,27.448,2.0358,"809,809",No Leaking
102.3,27.482,2.0347,"809,809",No Leaking
102.3,27.489,2.04,"809,809",No Leaking
102.2,27.495,2.0374,"809,809",No Leaking
102.2,27.536,2.033,"809,809",No Leaking
102.3,27.478,2.034,"809,809",No Leaking
102.3,27.48,2.0339,"809,809",No Leaking
102.3,27.453,2.0288,"809,809",No Leaking
102.2,27.421,2.0314,"809,809",No Leaking
102.3,27.442,2.0322,"809,809",No Leaking
102.1,27.419,2.028,"809,809",No Leaking
102.1,27.396,2.0291,"809,809",No Leaking
102.1,27.383,2.0304,"809,809",No Leaking
102.2,27.462,2.036,"809,809",No Leaking
102.2,27.48,2.0304,"809,809",No Leaking
102.2,27.41,2.0231,"809,809",No Leaking
102.2,27.318,2.0202,"809,809",No Leaking
102.3,27.302,2.0181,"809,809",No Leaking
102.2,27.304,2.0195,"809,809",No Leaking
102.2,27.271,2.0152,"809,809",No Leaking
102.2,27.208,2.0064,"809,809",No Leaking
102.2,27.181,2.0143,"809,809",No Leaking
102.2,27.216,2.0191,"809,809",No Leaking
102.2,27.266,2.0171,"809,809",No Leaking
102.2,27.237,2.0167,"809,809",No Leaking
102.1,27.286,2.0245,"809,809",No Leaking
102.1,27.324,2.0213,"809,809",No Leaking
102,27.255,2.0175,"809,809",No Leaking
102.1,27.257,2.0167,"809,809",No Leaking
102,27.277,2.0185,"809,809",No Leaking
102,27.288,2.0133,"809,809",No Leaking
102.1,27.219,2.0057,"809,809",No Leaking
102.1,27.088,2.0042,"809,809",No Leaking
102,27.063,2.0057,"809,809",No Leaking
102.5,18.927,1.3993,"809,809",Leaking
102.5,18.909,1.4018,"809,809",Leaking
102.5,18.905,1.4003,"809,809",Leaking
102.5,18.966,1.4025,"809,809",Leaking
102.5,18.946,1.4032,"809,809",Leaking
102.5,18.977,1.404,"809,809",Leaking
102.5,18.979,1.4034,"809,809",Leaking
102.5,18.964,1.4081,"809,809",Leaking
102.5,19.195,1.4069,"809,809",Leaking
102.5,19.186,1.4021,"809,809",Leaking
102.5,19.027,1.4103,"809,809",Leaking
102.5,18.989,1.3452,"809,809",Leaking
102.5,18.968,1.3421,"809,809",Leaking
102.5,19.771,1.4082,"809,809",Leaking
102.5,18.689,1.3834,"809,809",Leaking
102.5,18.667,1.3804,"809,809",Leaking
102.5,18.599,1.3742,"809,809",Leaking
102.5,18.567,1.3763,"809,809",Leaking
102.5,18.601,1.3798,"809,809",Leaking
102.5,18.734,1.3918,"809,809",Leaking
102.5,18.808,1.3914,"809,809",Leaking
102.5,18.802,1.3968,"809,809",Leaking
102.5,18.876,1.3944,"809,809",Leaking
102.5,18.777,1.3748,"809,809",Leaking
102.5,18.568,1.3798,"809,809",Leaking
102.5,18.676,1.3902,"809,809",Leaking
102.5,18.781,1.3904,"809,809",Leaking
102.5,18.781,1.3904,"809,809",Leaking
102.5,18.786,1.3932,"809,809",Leaking
102.5,18.828,1.3992,"809,809",Leaking
102.5,18.901,1.4013,"809,809",Leaking
102.5,18.918,1.3928,"809,809",Leaking
102.5,18.822,1.3898,"809,809",Leaking
102.5,18.781,1.3945,"809,809",Leaking
102.5,18.831,1.3896,"809,809",Leaking
102.5,18.779,1.3842,"809,809",Leaking
102.5,18.703,1.3921,"809,809",Leaking
102.5,18.786,1.3955,"809,809",Leaking
102.5,18.844,1.3954,"809,809",Leaking
102.5,18.849,1.3919,"809,809",Leaking
102.5,18.815,1.3973,"809,809",Leaking
102.5,18.858,1.3964,"809,809",Leaking
102.5,18.053,1.3948,"809,809",Leaking
102.5,18.801,1.3924,"809,809",Leaking
102.5,18.799,1.3921,"809,809",Leaking
102.5,18.808,1.3908,"809,809",Leaking
102.5,18.788,1.3939,"809,809",Leaking
102.5,18.896,1.3995,"809,809",Leaking
102.5,18.889,1.3971,"809,809",Leaking
102.5,18.831,1.3903,"809,809",Leaking
102.5,18.777,1.3907,"809,809",Leaking
102.5,18.766,1.3937,"809,809",Leaking
102.5,18.784,1.3915,"809,809",Leaking
102.5,18.817,1.3937,"809,809",Leaking
102.5,18.738,1.3826,"809,809",Leaking
102.5,18.75,1.3874,"809,809",Leaking
102.5,19.026,1.4064,"809,809",Leaking
102.5,18.968,1.4014,"809,809",Leaking
102.5,18.937,1.4009,"809,809",Leaking
102.5,19.036,1.4102,"809,809",Leaking
102.5,19.044,1.405,"809,809",Leaking
102.5,18.95,1.3992,"809,809",Leaking
102.5,18.878,1.3966,"809,809",Leaking
102.5,18.883,1.4021,"809,809",Leaking
102.5,18.936,1.3984,"809,809",Leaking
102.5,18.912,1.4069,"809,809",Leaking
102.5,18.957,1.4,"809,809",Leaking
102.5,18.909,1.3955,"809,809",Leaking
102.5,18.86,1.3994,"809,809",Leaking
102.5,18.892,1.4062,"809,809",Leaking
102.5,18.986,1.4037,"809,809",Leaking
102.5,18.975,1.4033,"809,809",Leaking
102.4,18.999,1.4064,"809,809",Leaking
102.4,18.995,1.4124,"809,809",Leaking
102.4,19.067,1.409,"809,809",Leaking
102.4,19.047,1.4065,"809,809",Leaking
102.4,18.979,1.1842,"809,809",Leaking
102.4,16.344,0.8593,"809,809",Leaking
102.4,11.755,0.8736,"809,809",Leaking
102.4,11.766,0.8669,"809,809",Leaking
102.3,11.701,0.8678,"809,809",Leaking
102.3,11.687,0.8628,"809,809",Leaking
102.3,11.712,0.8669,"809,809",Leaking
102.3,11.714,0.8648,"809,809",Leaking
102.3,11.788,0.8729,"809,809",Leaking
102.4,11.775,0.8698,"809,809",Leaking
102.4,11.777,0.8772,"809,809",Leaking
102.4,11.831,0.867,"809,809",Leaking
102.4,11.768,0.8728,"809,809",Leaking
102.4,11.768,0.869,"809,809",Leaking
102.4,11.683,0.8663,"809,809",Leaking
102.4,11.674,0.8592,"809,809",Leaking
102.4,11.592,0.8612,"809,809",Leaking
102.4,11.7,0.8755,"809,809",Leaking
102.4,11.779,0.8685,"809,809",Leaking
102.4,11.727,0.8583,"809,809",Leaking
102.4,11.649,0.8583,"809,809",Leaking
102.4,11.565,0.8751,"809,809",Leaking
102.4,11.8,0.8767,"809,809",Leaking
102.4,11.818,0.8786,"809,809",Leaking
102.4,11.865,0.8709,"809,809",Leaking
102.4,11.811,0.8608,"809,809",Leaking
102.4,11.719,0.8682,"809,809",Leaking
102.4,11.683,0.8624,"809,809",Leaking
102.4,11.682,0.8632,"809,809",Leaking
102.4,11.691,0.8718,"809,809",Leaking
102.4,11.851,0.8831,"809,809",Leaking
102.4,11.748,0.867,"809,809",Leaking
102.4,11.944,0.8902,"809,809",Leaking
102.4,12.036,0.8877,"809,809",Leaking
102.4,11.881,0.8754,"809,809",Leaking
102.4,11.831,0.8768,"809,809",Leaking
102.4,11.777,0.8738,"809,809",Leaking
102.4,11.845,0.8784,"809,809",Leaking
102.4,11.784,0.8762,"809,809",Leaking
102.4,11.824,0.8665,"809,809",Leaking
102.4,11.709,0.8645,"809,809",Leaking
102.4,11.682,0.8692,"809,809",Leaking
102.4,11.804,0.8778,"809,809",Leaking
102.4,11.844,0.0749,"809,809",Leaking
102.4,11.822,0.8743,"809,809",Leaking
102.4,11.82,0.871,"809,809",Leaking
102.4,11.763,0.8708,"809,809",Leaking
102.4,11.869,0.8863,"809,809",Leaking
102.4,11.957,0.8918,"809,809",Leaking
102.4,12.027,0.8838,"809,809",Leaking
102.4,11.964,0.8871,"809,809",Leaking
102.4,11.955,0.8798,"809,809",Leaking
102.4,11.986,0.8764,"809,809",Leaking
102.4,11.451,0.8831,"809,809",Leaking
102.4,11.728,0.8712,"809,809",Leaking
102.4,11.867,0.8705,"809,809",Leaking
102,27.034,2.0046,"809,809",No Leaking
102.1,27.025,2.0032,"809,809",No Leaking
102.4,11.934,0.8762,"809,809",Leaking
100.1,29.934,2.2077,"887,882",No leaking
100.1,29.833,2.2074,"887,882",No leaking
100.1,29.82,2.2084,"887,882",No leaking
100.1,29.797,2.2006,"887,882",No leaking
100.1,29.727,2.1924,"887,882",No leaking
100.1,29.626,2.1956,"887,882",No leaking
100.1,29.653,2.2003,"887,882",No leaking
100.1,29.714,2.2003,"887,882",No leaking
100.1,29.721,2.1984,"887,882",No leaking
100.1,29.705,2.1925,"887,882",No leaking
100.1,29.628,2.1857,"887,882",No leaking
100,29.448,2.1813,"887,882",No leaking
100,29.44,2.1857,"887,882",No leaking
100,29.509,2.1874,"887,882",No leaking
100,29.536,2.1816,"887,882",No leaking
100,29.516,2.1803,"887,882",No leaking
100,29.444,2.1798,"887,882",No leaking
100,29.458,2.1783,"887,882",No leaking
100,29.424,2.1796,"887,882",No leaking
100,29.44,2.178,"887,882",No leaking
100,29.397,2.1764,"887,882",No leaking
99.99,29.412,2.1781,"887,882",No leaking
99.98,29.413,2.176,"887,882",No leaking
99.97,29.408,2.1769,"887,882",No leaking
99.97,29.392,2.1747,"887,882",No leaking
99.96,29.395,2.1735,"887,882",No leaking
99.96,29.347,2.1728,"887,882",No leaking
99.95,29.374,2.1776,"887,882",No leaking
99.95,29.4,2.1769,"887,882",No leaking
99.95,29.406,2.1726,"887,882",No leaking
99.95,29.307,2.1612,"887,882",No leaking
99.94,29.206,2.1567,"887,882",No leaking
99.93,29.118,2.152,"887,882",No leaking
99.93,29.061,2.1464,"887,882",No leaking
99.91,28.999,2.148,"887,882",No leaking
99.91,29.03,2.154,"887,882",No leaking
99.9,29.093,2.1535,"887,882",No leaking
99.89,29.093,2.1494,"887,882",No leaking
99.89,29.034,2.1412,"887,882",No leaking
99.87,28.935,2.1419,"887,882",No leaking
99.86,28.927,2.1391,"887,882",No leaking
99.86,28.904,2.1313,"887,882",No leaking
99.82,28.801,2.082,"887,882",No leaking
99.72,29.102,2.1492,"887,882",No leaking
99.69,29.021,2.1477,"887,882",No leaking
99.68,28.987,2.1408,"887,882",No leaking
99.67,28.924,2.1409,"887,882",No leaking
99.65,28.697,2.1281,"887,882",No leaking
99.65,28.794,2.1413,"887,882",No leaking
99.81,23.104,1.0245,"887,882",Leaking
99.63,23.148,1.8744,"887,882",Leaking
99.63,25.457,1.9795,"887,882",Leaking
99.59,26.793,2.0276,"887,882",leaking
83.91,13.818,2.0459,"887,882",Leaking
99.51,22.118,1.6259,"887,882",Leaking
99.53,21.929,1.6187,"887,882",Leaking
99.51,21.871,1.6187,"887,882",Leaking
99.5,21.844,1.6123,"887,882",Leaking
99.51,21.749,1.6073,"887,882",Leaking
99.5,21.682,1.6009,"887,882",Leaking
99.5,21.628,1.6024,"887,882",Leaking
99.49,21.677,1.6102,"887,882",Leaking
99.52,21.769,1.6096,"887,882",Leaking
99.52,21.679,1.5996,"887,882",Leaking
99.5,21.603,1.5999,"887,882",Leaking
99.48,21.621,1.6029,"887,882",Leaking
99.48,21.655,1.6038,"887,882",Leaking
99.5,21.669,1.5993,"887,882",Leaking
99.5,21.475,1.5884,"887,882",Leaking
99.49,21.463,1.5921,"887,882",Leaking
99.48,21.58,1.6048,"887,882",Leaking
99.5,21.67,1.611,"887,882",Leaking
99.52,21.7,1.6037,"887,882",Leaking
99.52,21.654,1.6042,"887,882",Leaking
99.5,21.664,1.6023,"887,882",Leaking
99.48,21.634,1.6034,"887,882",Leaking
99.47,21.664,1.6011,"887,882",Leaking
99.48,21.627,1.6039,"887,882",Leaking
99.46,21.663,1.6011,"887,882",Leaking
99.47,21.645,1.6075,"887,882",Leaking
99.46,21.668,1.6024,"887,882",Leaking
99.5,21.7,1.5975,"887,882",Leaking
99.47,21.603,1.6021,"887,882",Leaking
99.4,21.693,1.6087,"887,882",Leaking
99.42,21.76,1.6102,"887,882",Leaking
99.45,21.691,1.6031,"887,882",Leaking
99.44,21.699,1.6091,"887,882",Leaking
99.46,21.742,1.6104,"887,882",Leaking
99.47,21.756,1.6092,"887,882",Leaking
99.47,21.771,1.6093,"887,882",Leaking
99.49,21.715,1.6078,"887,882",Leaking
99.46,21.632,1.6001,"887,882",Leaking
99.45,21.623,1.6009,"887,882",Leaking
99.43,21.713,1.6073,"887,882",Leaking
99.43,21.717,1.6094,"887,882",Leaking
99.44,21.744,1.6065,"887,882",Leaking
99.43,21.693,1.6029,"887,882",Leaking
99.45,21.668,1.606,"887,882",Leaking
99.65,28.953,2.141,"887,882",No leaking
99.65,28.857,2.1424,"887,882",No leaking
99.65,29.026,2.1525,"887,882",No leaking
99.65,28.936,2.1461,"887,882",No leaking
99.65,28.939,2.1432,"887,882",No leaking
99.44,21.699,1.6013,"887,882",Leaking
99.42,21.628,1.5922,"887,882",Leaking
99.43,21.524,1.5938,"887,882",Leaking
99.47,21.582,1.6008,"887,882",Leaking
99.46,21.614,1.5973,"887,882",Leaking
99.45,21.592,1.5882,"887,882",Leaking
99.45,21.49,1.5889,"887,882",Leaking
99.44,21.454,1.5902,"887,882",Leaking
99.46,21.492,1.5967,"887,882",Leaking
99.42,21.519,1.6013,"887,882",Leaking
99.42,21.519,1.6013,"887,882",Leaking
99.44,21.628,1.6003,"887,882",Leaking
99.65,28.954,2.1393,"887,882",No leaking
99.65,28.904,2.1399,"887,882",No leaking
99.65,28.908,2.1409,"887,882",No leaking
99.65,28.92,2.1342,"887,882",No leaking
99.65,28.855,2.1331,"887,882",No leaking
99.65,28.814,2.1325,"887,882",No leaking
99.65,28.812,2.1295,"887,882",No leaking
99.65,28.774,2.1306,"887,882",No leaking
99.65,28.679,2.1209,"887,882",No leaking
99.65,28.643,2.1237,"887,882",No leaking
99.65,28.67,2.131,"887,882",No leaking
99.65,28.744,2.1333,"887,882",No leaking
99.65,28.753,2.1252,"887,882",No leaking
99.65,28.675,2.1203,"887,882",No leaking
99.65,28.643,2.1199,"887,882",No leaking
99.65,28.62,2.1162,"887,882",No leaking
99.64,28.593,2.1168,"887,882",No leaking
99.64,28.555,2.1076,"887,882",No leaking
99.65,28.447,2.1062,"887,882",No leaking
99.64,28.474,2.1092,"887,882",No leaking
99.45,21.625,1.605,"887,882",Leaking
99.44,21.655,1.6009,"887,882",Leaking
99.45,21.657,1.597,"887,882",Leaking
99.42,21.609,1.5927,"887,882",Leaking
99.38,21.542,1.5863,"887,882",Leaking
99.42,21.342,1.5762,"887,882",Leaking
99.41,21.216,1.5616,"887,882",Leaking
99.41,20.437,1.435,"887,882",Leaking
99.37,18.226,1.2488,"887,882",Leaking
99.38,15.82,1.1469,"887,882",Leaking
99.34,15.652,1.1192,"887,882",Leaking
99.41,7.596,0.3884,"887,882",Leaking
99.38,15.002,1.184,"887,882",Leaking
99.46,16.047,1.1829,"887,882",Leaking
100,14.344,0.8141,"887,882",Leaking
99.99,8.5392,0.421,"887,882",Leaking
99.64,28.49,2.1051,"887,882",No leaking
99.64,28.42,2.1025,"887,882",No leaking
99.64,28.413,2.104,"887,882",No leaking
99.64,28.407,2.0986,"887,882",No leaking
99.64,28.332,2.0958,"887,882",No leaking
99.64,28.323,2.0998,"887,882",No leaking
99.64,28.377,2.0984,"887,882",No leaking
99.64,28.252,2.0994,"887,882",No leaking
99.64,28.369,2.1049,"887,882",No leaking
99.64,28.429,2.1026,"887,882",No leaking
99.64,28.402,2.0979,"887,882",No leaking
99.64,28.341,2.0973,"887,882",No leaking
99.63,28.332,2.095,"887,882",No leaking
99.64,28.296,2.0893,"887,882",No leaking
99.85,4.8618,0.3503,"887,882",Leaking
99.75,6.8021,0.0211,"887,882",Leaking
99.74,23.144,1.6715,"887,882",Leaking
99.61,22.24,1.6389,"887,882",Leaking
99.57,22.087,1.6433,"887,882",Leaking
99.56,22.192,1.6357,"887,882",Leaking
99.55,22.003,1.63,"887,882",Leaking
99.55,22.102,1.6416,"887,882",Leaking
99.55,22.17,1.6374,"887,882",Leaking
99.55,22.114,1.6338,"887,882",Leaking
99.55,22.078,1.6355,"887,882",Leaking
99.55,22.084,1.6209,"887,882",Leaking
99.55,22.019,1.6252,"887,882",Leaking
99.55,21.96,1.6269,"887,882",Leaking
99.55,21.972,1.6268,"887,882",Leaking
99.55,21.974,1.627,"887,882",Leaking
99.55,21.981,1.6254,"887,882",Leaking
99.55,21.961,1.6287,"887,882",Leaking
99.55,21.987,1.6295,"887,882",Leaking
99.55,22.017,1.6314,"887,882",Leaking
99.55,22.021,1.6311,"887,882",Leaking
99.55,22.041,1.6311,"887,882",Leaking
99.55,22.037,1.6229,"887,882",Leaking
99.55,21.97,1.6227,"887,882",Leaking
99.54,21.904,1.6301,"887,882",Leaking
99.54,22.023,1.62,"887,882",Leaking
99.55,21.947,1.6218,"887,882",Leaking
99.55,21.927,1.6244,"887,882",Leaking
99.55,21.934,1.6234,"887,882",Leaking
99.55,21.906,1.6224,"887,882",Leaking
99.55,21.94,1.6256,"887,882",Leaking
99.55,21.956,1.6248,"887,882",Leaking
99.64,28.234,2.093,"887,882",No leaking
99.64,28.269,2.088,"887,882",No leaking
99.63,28.211,2.0873,"887,882",No leaking
99.64,28.195,2.0852,"887,882",No leaking
99.64,28.175,2.0813,"887,882",No leaking
99.64,28.123,2.0884,"887,882",No leaking
99.63,28.191,2.0939,"887,882",No leaking
99.63,28.272,2.097,"887,882",No leaking
99.63,28.319,2.0942,"887,882",No leaking
99.63,28.297,2.0915,"887,882",No leaking
99.63,28.265,2.0909,"887,882",No leaking
99.63,28.247,2.0864,"887,882",No leaking
99.63,28.204,2.0869,"887,882",No leaking
99.63,28.234,2.0914,"887,882",No leaking
99.63,28.267,2.097,"887,882",No leaking
99.63,28.299,2.0923,"887,882",No leaking
99.63,28.227,2.0839,"887,882",No leaking
99.63,28.058,2.0731,"887,882",No leaking
99.63,28.072,2.08,"887,882",No leaking
99.63,28.123,2.0836,"887,882",No leaking
99.63,28.137,2.0802,"887,882",No leaking
99.63,28.083,2.077,"887,882",No leaking
99.63,28.074,2.0791,"887,882",No leaking
99.63,28.092,2.0797,"887,882",No leaking
99.63,28.098,2.0804,"887,882",No leaking
99.63,28.092,2.0741,"887,882",No leaking
99.63,28.004,2.0752,"887,882",No leaking
99.63,28.036,2.0741,"887,882",No leaking
99.63,28.006,2.0689,"887,882",No leaking
99.62,27.932,2.0626,"887,882",No leaking
99.61,27.745,1.8508,"887,882",No leaking
99.81,27.352,2.0426,"887,882",No leaking
99.81,27.639,0,"887,882",Leaking
99.52,28.846,2.1312,"887,882",No leaking
99.53,28.753,2.1258,"887,882",No leaking
99.56,28.672,2.1186,"887,882",No leaking
99.57,28.584,2.1136,"887,882",No leaking
99.56,28.567,2.1165,"887,882",No leaking
99.55,28.585,2.1135,"887,882",No leaking
99.55,28.585,2.1135,"887,882",No leaking
99.55,21.933,1.6212,"887,882",Leaking
99.55,21.877,1.6162,"887,882",Leaking
99.55,21.87,1.6169,"887,882",Leaking
99.55,21.837,1.6176,"887,882",Leaking
99.55,21.844,1.611,"887,882",Leaking
99.55,21.763,1.6109,"887,882",Leaking
99.55,21.769,1.6114,"887,882",Leaking
99.55,21.76,1.6111,"887,882",Leaking
99.55,21.772,1.6155,"887,882",Leaking
99.55,21.826,1.6166,"887,882",Leaking
99.55,21.819,1.6079,"887,882",Leaking
99.55,21.717,1.6027,"887,882",Leaking
99.55,21.654,1.6038,"887,882",Leaking
99.52,21.664,1.6076,"887,882",Leaking
99.51,21.72,1.6084,"887,882",Leaking
99.5,21.729,1.6077,"887,882",Leaking
99.51,21.72,1.6091,"887,882",Leaking
99.52,21.733,1.6087,"887,882",Leaking
99.52,21.731,1.6004,"887,882",Leaking
99.56,28.513,2.1079,"887,882",No leaking
99.54,28.483,2.1085,"887,882",No leaking
99.55,28.488,2.1125,"887,882",No leaking
99.54,28.576,2.1218,"887,882",No leaking
99.52,28.668,2.122,"887,882",No leaking
99.52,28.645,2.118,"887,882",No leaking
99.53,28.605,2.1156,"887,882",No leaking
99.53,28.582,2.1202,"887,882",No leaking
99.52,28.661,2.1228,"887,882",No leaking
99.54,28.652,2.1169,"887,882",No leaking
99.55,28.589,2.114,"887,882",No leaking
99.55,28.557,2.112,"887,882",No leaking
99.53,28.551,2.1136,"887,882",No leaking
99.52,28.553,2.1145,"887,882",No leaking
99.52,28.566,2.1155,"887,882",No leaking
99.55,28.575,2.112,"887,882",No leaking
99.55,28.519,2.0991,"887,882",No leaking
99.52,28.368,2.0996,"887,882",No leaking
99.52,28.362,2.0962,"887,882",No leaking
99.51,28.332,2.1015,"887,882",No leaking
99.5,28.371,2.1025,"887,882",No leaking
99.5,28.405,2.1008,"887,882",No leaking
99.48,28.382,2.0916,"887,882",No leaking
99.51,28.279,2.0906,"887,882",No leaking
99.52,28.254,2.088,"887,882",No leaking
99.52,28.211,2.092,"887,882",No leaking
99.42,33.363,2.3656,"887,882",No leaking
99.47,31.737,2.295,"887,882",No leaking
99.52,30.569,2.2454,"887,882",No leaking
99.52,30.312,2.2285,"887,882",No leaking
99.53,30.088,2.2184,"887,882",No leaking
99.53,29.829,2.2015,"887,882",No leaking
99.54,29.739,2.1931,"887,882",No leaking
99.53,29.638,2.1933,"887,882",No leaking
99.53,29.671,2.197,"887,882",No leaking
99.53,29.683,2.1983,"887,882",No leaking
99.53,29.665,2.1871,"887,882",No leaking
99.52,29.516,2.1885,"887,882",No leaking
99.52,29.556,2.1836,"887,882",No leaking
99.52,29.5,2.18,"887,882",No leaking
99.52,29.442,2.1834,"887,882",No leaking
99.52,29.485,2.1771,"887,882",No leaking
99.42,29.44,2.1708,"887,882",No leaking
99.52,29.352,2.1672,"887,882",No leaking
99.52,29.273,2.1674,"887,882",No leaking
99.52,29.289,2.1666,"887,882",No leaking
99.52,29.259,2.1743,"887,882",No leaking
99.52,29.385,2.1767,"887,882",No leaking
99.52,29.466,2.1844,"887,882",No leaking
99.52,29.458,2.1763,"887,882",No leaking
99.52,29.41,2.1781,"887,882",No leaking
99.52,29.404,2.1762,"887,882",No leaking
99.52,29.381,2.172,"887,882",No leaking
99.52,29.338,2.1757,"887,882",No leaking
99.52,29.442,2.1815,"887,882",No leaking
99.5,21.612,1.5372,"887,882",Leaking
99.5,20.919,1.3006,"887,882",Leaking
99.48,18.322,1.1503,"887,882",Leaking
99.48,15.858,1.0213,"887,882",Leaking
99.48,14.216,0.9502,"887,882",Leaking
99.49,12.907,0.8942,"887,882",Leaking
99.47,12.432,0.8227,"887,882",Leaking
99.5,11.422,0.4985,"887,882",Leaking
99.54,8.2908,0.3876,"887,882",Leaking
99.51,5.0904,0.7692,"887,882",Leaking
100.3,12.501,0.865,"887,882",Leaking
100.1,11.467,0.7279,"887,882",Leaking
100,8.8379,0.5602,"887,882",Leaking
99.9,6.0202,0.5883,"887,882",Leaking
99.81,9.3455,0.8948,"887,882",Leaking
104.6,12.371,0.9826,"887,882",Leaking
95.85,13.275,0.9356,"887,882",Leaking
101.4,12.544,0.8698,"887,882",Leaking
104.6,11.343,0.7936,"887,882",Leaking
104.3,10.702,0.8397,"887,882",Leaking
103.9,10.801,0.7748,"887,882",Leaking
103.6,10.557,0.7831,"887,882",Leaking
103.3,10.357,0.5393,"887,882",Leaking
103.1,7.4628,0.5162,"887,882",Leaking
103,7.0596,0.6866,"887,882",Leaking
102.4,8.5032,0.6994,"887,882",Leaking
100.3,9.3689,0.6897,"887,882",Leaking
100.1,9.4932,0.8416,"887,882",Leaking
99.97,11.055,0.9913,"887,882",Leaking
99.93,13.125,0.9905,"887,882",Leaking
99.81,13.332,1.0117,"887,882",Leaking
99.71,13.505,1.05,"887,882",Leaking
99.73,14.169,1.0199,"887,882",Leaking
99.77,13.827,0.8924,"887,882",Leaking
99.72,12.699,0.7739,"887,882",Leaking
103.3,10.771,0.8625,"887,882",Leaking
103,11.172,0.9256,"887,882",Leaking
102.8,12.281,0.9485,"887,882",Leaking
102.7,12.744,0.8181,"887,882",Leaking
102.4,11.939,0.7198,"887,882",Leaking
90.8,9.927,0.7213,"887,882",Leaking
99.36,9.8981,0.7435,"887,882",Leaking
99.41,9.756,0.6522,"887,882",Leaking
99.47,8.4797,0.6586,"887,882",Leaking
99.5,10.238,0.8726,"887,882",Leaking
99.56,12.562,0.9559,"887,882",Leaking
99.59,12.906,0.9438,"887,882",Leaking
99.52,12.283,0.8582,"887,882",Leaking
101.3,11.142,0.7851,"887,882",Leaking
101.1,10.605,0.7837,"887,882",Leaking
99.52,29.446,2.1805,"887,882",No leaking
99.52,29.475,2.1823,"887,882",No leaking
99.52,29.439,2.1725,"887,882",No leaking
99.52,29.345,2.1723,"887,882",No leaking
99.52,29.341,2.1691,"887,882",No leaking
99.52,29.304,2.1698,"887,882",No leaking
99.52,29.3,2.1673,"887,882",No leaking
99.52,29.257,2.1572,"887,882",No leaking
99.52,29.14,2.1575,"887,882",No leaking
99.52,29.158,2.1653,"887,882",No leaking
99.52,29.251,2.1696,"887,882",No leaking
99.52,29.298,2.1656,"887,882",No leaking
99.52,29.253,2.1594,"887,882",No leaking
99.52,29.101,2.1597,"887,882",No leaking
99.52,29.172,2.1576,"887,882",No leaking
99.52,29.1491,2.1491,"887,882",No leaking
99.52,29.043,2.144,"887,882",No leaking
99.52,28.974,2.145,"887,882",No leaking
99.52,28.976,2.1436,"887,882",No leaking
99.52,28.953,2.1439,"887,882",No leaking
99.52,28.953,2.1442,"887,882",No leaking
99.52,28.978,2.1439,"887,882",No leaking
99.52,28.967,2.1462,"887,882",No leaking
99.52,28.983,2.1477,"887,882",No leaking
99.52,29.016,2.1433,"887,882",No leaking
99.52,28.971,2.1429,"887,882",No leaking
99.52,28.951,2.1395,"887,882",No leaking
99.52,28.913,2.1425,"887,882",No leaking
99.52,28.924,2.139,"887,882",No leaking
99.52,28.927,2.1373,"887,882",No leaking
99.52,28.877,2.1369,"887,882",No leaking
99.51,28.854,2.1349,"887,882",No leaking
99.51,28.814,2.1332,"887,882",No leaking
99.51,28.836,2.1356,"887,882",No leaking
99.51,28.801,2.1333,"887,882",No leaking
99.51,28.803,2.1295,"887,882",No leaking
99.51,28.749,2.1278,"887,882",No leaking
99.51,28.74,2.1272,"887,882",No leaking
99.51,28.751,2.1288,"887,882",No leaking
99.51,28.751,2.1251,"887,882",No leaking
99.51,28.708,2.1259,"887,882",No leaking
99.51,28.728,2.1283,"887,882",No leaking
99.51,28.749,2.1215,"887,882",No leaking
99.5,28.632,2.1148,"887,882",No leaking
99.5,28.582,2.1172,"887,882",No leaking
99.46,28.594,2.1084,"887,882",No leaking
99.43,28.283,1.9556,"887,882",No leaking
99.38,33.73,2.387,"887,882",No leaking
99.48,31.725,2.2955,"887,882",No leaking
99.49,31.167,2.2751,"887,882",No leaking
99.5,30.67,2.2673,"887,882",No leaking
99.51,30.58,2.2508,"887,882",No leaking
99.51,30.472,2.2552,"887,882",No leaking
99.51,30.436,2.2506,"887,882",No leaking
99.51,30.402,2.2527,"887,882",No leaking
99.51,30.447,2.2548,"887,882",No leaking
99.51,30.45,2.2519,"887,882",No leaking
99.5,30.38,2.2454,"887,882",No leaking
99.5,30.306,2.2433,"887,882",No leaking
99.5,30.344,2.2497,"887,882",No leaking
99.5,30.375,2.2477,"887,882",No leaking
99.5,30.367,2.2484,"887,882",No leaking
100.9,10.389,0.7044,"887,882",Leaking
100,9.2663,0.5721,"887,882",Leaking
100.3,7.0325,0.486,"887,882",Leaking
100.1,10.758,0.9075,"887,882",Leaking
100.1,10.758,0.9075,"887,882",Leaking
99.93,12.418,0.9476,"887,882",Leaking
99.86,12.956,0.9787,"887,882",Leaking
104.8,13.206,0.9183,"887,882",Leaking
104.6,11.872,0.5811,"887,882",Leaking
104.3,7.7525,0.5702,"887,882",Leaking
99.71,11.431,0.8704,"887,882",Leaking
99.69,11.703,0.8712,"887,882",Leaking
99.61,11.773,0.825,"887,882",Leaking
99.59,11.372,0.7826,"887,882",Leaking
99.62,10.616,0.6978,"887,882",Leaking
99.59,9.6444,0.7753,"887,882",Leaking
99.59,9.523,0.7024,"887,882",Leaking
99.42,26.071,1.6868,"887,882",Leaking
99.44,22.426,1.4434,"887,882",Leaking
99.46,16.921,1.1054,"887,882",Leaking
99.44,14.9,0.9102,"887,882",Leaking
99.46,12.123,0.4974,"887,882",Leaking
99.46,6.237,0.5971,"887,882",Leaking
99.46,2.9218,0.5358,"887,882",Leaking
99.51,7.4268,0.3992,"887,882",Leaking
99.5,5.6322,0.5519,"887,882",Leaking
99.49,7.3944,0.8896,"887,882",Leaking
999.55,11.048,0.9995,"887,882",Leaking
99.59,13.24,0.9691,"887,882",Leaking
99.56,13.339,0.9947,"887,882",Leaking
99.59,13.273,0.9498,"887,882",Leaking
99.59,13.19,0.7333,"887,882",Leaking
99.57,10.535,0.729,"887,882",Leaking
99.57,9.8827,0.8837,"887,882",Leaking
99.56,10.522,0.8551,"887,882",Leaking
99.61,11.455,0.8123,"887,882",Leaking
99.61,9.4266,0.589,"887,882",Leaking
99.61,7.7058,0.5678,"887,882",Leaking
99.59,4.824,0.3153,"887,882",Leaking
99.52,4.8798,0.5197,"887,882",Leaking
99.5,30.364,2.2428,"887,882",No leaking
99.5,30.267,2.2325,"887,882",No leaking
99.5,30.146,2.2315,"887,882",No leaking
99.5,30.142,2.2205,"887,882",No leaking
99.5,30.101,2.2286,"887,882",No leaking
99.5,30.096,2.224,"887,882",No leaking
99.5,30.038,2.2186,"887,882",No leaking
99.5,29.962,2.2144,"887,882",No leaking
99.5,29.916,2.213,"887,882",No leaking
99.5,29.894,2.2172,"887,882",No leaking
99.5,29.95,2.2133,"887,882",No leaking
99.5,29.903,2.2075,"887,882",No leaking
99.5,29.824,2.2074,"887,882",No leaking
99.5,29.817,2.2015,"887,882",No leaking
99.5,29.748,2.1997,"887,882",No leaking
99.5,29.712,2.1929,"887,882",No leaking
99.5,29.633,2.1954,"887,882",No leaking
99.5,29.635,2.1993,"887,882",No leaking
99.5,29.701,2.196,"887,882",No leaking
99.5,29.682,2.194,"887,882",No leaking
99.5,29.629,2.2,"887,882",No leaking
99.5,29.694,2.1981,"887,882",No leaking
99.5,29.707,2.1933,"887,882",No leaking
99.5,29.646,2.186,"887,882",No leaking
99.5,29.566,2.185,"887,882",No leaking
99.5,29.509,2.1894,"887,882",No leaking
99.5,29.611,2.1936,"887,882",No leaking
99.49,29.624,2.1909,"887,882",No leaking
99.5,29.572,2.1867,"887,882",No leaking
99.5,29.572,2.1867,"887,882",No leaking
99.49,29.409,2.1784,"887,882",No leaking
99.49,29.358,2.1676,"887,882",No leaking
99.49,29.226,2.1633,"887,882",No leaking
99.49,29.179,2.1571,"887,882",No leaking
99.49,29.152,2.1613,"887,882",No leaking
99.49,29.088,2.1488,"887,882",No leaking
99.49,29.823,2.1498,"887,882",No leaking
99.48,29.035,2.1523,"887,882",No leaking
99.49,29.079,2.1584,"887,882",No leaking
99.48,29.92,2.1391,"887,882",No leaking
99.48,29.964,2.1419,"887,882",No leaking
99.48,29.023,2.1449,"887,882",No leaking
99.48,28.983,2.1475,"887,882",No leaking
99.48,29.005,2.146,"887,882",No leaking
99.48,29.025,2.1449,"887,882",No leaking
99.48,28.877,2.1434,"887,882",No leaking
99.48,28.93,2.1424,"887,882",No leaking
99.49,28.909,2.1379,"887,882",No leaking
99.48,28.089,2.1308,"887,882",No leaking
99.48,28.837,2.1329,"887,882",No leaking
99.48,28.834,2.1313,"887,882",No leaking
99.48,28.794,2.1321,"887,882",No leaking
99.48,28.881,2.1317,"887,882",No leaking
99.48,28.782,2.1208,"887,882",No leaking
99.38,0.2646,0.0188,"887,882",Leaking
99.52,4.8798,0.5197,"887,882",Leaking
99.38,0.2646,0.018,"887,882",Leaking
99.38,0.252,0.0209,"887,882",Leaking
99.37,0.2952,0.021,"887,882",Leaking
99.37,0.27,0.019,"887,882",Leaking
99.37,0.2664,0.0202,"887,882",Leaking
99.37,0.2754,0.0204,"887,882",Leaking
99.36,0.2736,0.0204,"887,882",Leaking
99.36,0.288,0.0221,"887,882",Leaking
99.36,0.306,0.0221,"887,882",Leaking
99.36,0.3024,0.023,"887,882",Leaking
99.36,0.315,0.0233,"887,882",Leaking
99.36,0.3114,0.0238,"887,882",Leaking
99.36,0.3096,0.0232,"887,882",Leaking
99.36,0.3132,0.0236,"887,882",Leaking
99.36,0.3078,0.0232,"887,882",Leaking
99.35,0.279,0.0231,"887,882",Leaking
99.35,0.307,0.0219,"887,882",Leaking
99.35,0.297,0.0216,"887,882",Leaking
99.35,0.2934,0.0207,"887,882",Leaking
99.35,0.297,0.0216,"887,882",Leaking
99.35,0.2934,0.0207,"887,882",Leaking
99.34,0.2826,0.0195,"887,882",Leaking
99.34,0.2664,0.0193,"887,882",Leaking
99.34,0.2618,0.0216,"887,882",Leaking
99.34,0.208,0.0219,"887,882",Leaking
99.34,0.2952,0.0221,"887,882",Leaking
99.34,0.3006,0.0215,"887,882",Leaking
99.34,0.2952,0.021,"887,882",Leaking
99.34,0.2826,0.0217,"887,882",Leaking
99.34,0.2916,0.0216,"887,882",Leaking
99.34,0.3096,0.0229,"887,882",Leaking
99.34,0.3078,0.0235,"887,882",Leaking
99.34,0.3096,0.0229,"887,882",Leaking
99.34,0.3024,0.0215,"887,882",Leaking
99.34,0.2808,0.02,"887,882",Leaking
99.34,0.27,0.0201,"887,882",Leaking
99.34,0.2718,0.0197,"887,882",Leaking
99.34,0.2664,0.0202,"887,882",Leaking
99.33,0.2772,0.0207,"887,882",Leaking
99.33,0.2916,0.0224,"887,882",Leaking
99.33,0.2952,0.0205,"887,882",Leaking
99.33,0.2736,0.02,"887,882",Leaking
99.32,0.2718,0.0197,"887,882",Leaking
99.32,0.261,0.0189,"887,882",Leaking
99.32,0.2628,0.0207,"887,882",Leaking
99.32,0.2844,0.0216,"887,882",Leaking
99.32,0.2898,0.0204,"887,882",Leaking
99.32,0.2772,0.0211,"887,882",Leaking
99.32,0.2862,0.0208,"887,882",Leaking
99.32,0.2826,0.0206,"887,882",Leaking
99.32,0.2754,0.0194,"887,882",Leaking
99.32,0.2646,0.0197,"887,882",Leaking
99.32,0.2664,0.0195,"887,882",Leaking
99.32,0.2754,0.0209,"887,882",Leaking
99.32,0.2826,0.0199,"887,882",Leaking
99.32,0.2646,0.0208,"887,882",Leaking
99.32,0.279,0.022,"887,882",Leaking
99.32,0.2952,0.0228,"887,882",Leaking
99.32,0.3078,0.022,"887,882",Leaking
99.32,0.2988,0.0201,"887,882",Leaking
99.32,0.279,0.0199,"887,882",Leaking
99.31,0.2664,0.0204,"887,882",Leaking
99.31,0.279,0.0191,"887,882",Leaking
99.31,0.2628,0.0194,"887,882",Leaking
99.31,0.2628,0.0194,"887,882",Leaking
99.31,0.261,0.0197,"887,882",Leaking
99.48,28.764,2.1304,"887,882",No leaking
99.48,28.76,2.12,"887,882",No leaking
99.48,28.753,2.1278,"887,882",No leaking
99.47,28.753,2.1258,"887,882",No leaking
99.31,0.2646,0.0202,"887,882",Leaking
99.31,0.279,0.0212,"887,882",Leaking
99.48,28.674,2.1185,"887,882",No leaking
99.31,0.279,0.0212,"887,882",Leaking
99.3,0.2916,0.022,"887,882",Leaking
99.3,0.279,0.0209,"887,882",Leaking
99.3,0.2844,0.0207,"887,882",Leaking
99.3,0.2844,0.0219,"887,882",Leaking
99.3,0.3006,0.0224,"887,882",Leaking
99.3,0.3024,0.0219,"887,882",Leaking
99.3,0.2951,0.0217,"887,882",Leaking
99.3,0.2934,0.0215,"887,882",Leaking
99.3,0.2988,0.0228,"887,882",Leaking
99.3,0.306,0.0225,"887,882",Leaking
99.3,0.3042,0.0225,"887,882",Leaking
99.47,28.668,2.1221,"887,882",No leaking
99.47,28.656,2.1181,"887,882",No leaking
99.47,28.575,2.1114,"887,882",No leaking
99.47,28.515,2.108,"887,882",No leaking
99.47,28.447,2.1003,"887,882",No leaking
99.47,28.499,2.1144,"887,882",No leaking
99.47,28.549,2.1089,"887,882",No leaking
99.47,28.481,2.1072,"887,882",No leaking
99.47,28.47,2.1068,"887,882",No leaking
99.47,28.449,2.0992,"887,882",No leaking
99.47,28.36,2.1011,"887,882",No leaking
99.47,28.386,2.1007,"887,882",No leaking
99.47,28.377,2.102,"887,882",No leaking
99.47,28.395,2.1063,"887,882",No leaking
99.47,28.395,2.1063,"887,882",No leaking
99.47,28.452,2.1,"887,882",No leaking
99.47,28.474,2.1064,"887,882",No leaking
99.47,28.461,2.1041,"887,882",No leaking
99.47,28.427,2.1032,"887,882",No leaking
99.46,28.342,2.0939,"887,882",No leaking
99.46,28.301,2.094,"887,882",No leaking
99.46,28.305,2.1025,"887,882",No leaking
99.46,28.254,2.0946,"887,882",No leaking
99.46,28.288,2.0969,"887,882",No leaking
99.3,0.3078,0.0248,"887,882",Leaking
99.3,0.3438,0.0261,"887,882",Leaking
99.3,0.3492,0.0246,"887,882",Leaking
99.46,28.328,2.0963,"887,882",No leaking
99.46,28.314,2.0903,"887,882",No leaking
99.46,28.314,2.0903,"887,882",No leaking
99.3,0.3276,0.0223,"887,882",Leaking
99.46,28.341,2.0938,"887,882",No leaking
99.3,0.3024,0.0222,"887,882",Leaking
99.3,0.3024,0.023,"887,882",Leaking
99.3,0.3096,0.0217,"887,882",Leaking
99.3,0.2916,0.0213,"887,882",Leaking
99.3,0.2916,0.022,"887,882",Leaking
99.3,0.2988,0.0215,"887,882",Leaking
99.3,0.2898,0.0206,"887,882",Leaking
99.3,0.2808,0.021,"887,882",Leaking
99.3,0.2826,0.0207,"887,882",Leaking
99.3,0.2808,0.0209,"887,882",Leaking
99.3,0.279,0.0196,"887,882",Leaking
99.3,0.2682,0.0203,"887,882",Leaking
99.3,0.2808,0.0224,"887,882",Leaking
99.3,0.3006,0.0214,"887,882",Leaking
99.3,0.2934,0.0212,"887,882",Leaking
99.3,0.2862,0.0209,"887,882",Leaking
99.3,0.2844,0.0221,"887,882",Leaking
99.3,0.297,0.0221,"887,882",Leaking
99.3,0.297,0.0209,"887,882",Leaking
99.3,0.2952,0.0202,"887,882",Leaking
99.3,0.2754,0.0205,"887,882",Leaking
99.3,0.2844,0.0213,"887,882",Leaking
99.3,0.279,0.0199,"887,882",Leaking
99.3,0.2718,0.02,"887,882",Leaking
99.46,28.216,2.0806,"887,882",No leaking
99.44,27.426,1.9219,"887,882",No leaking
99.38,32.326,2.3369,"887,882",No leaking
99.3,0.2628,0.01,"887,882",Leaking
99.43,24.228,1.4266,"887,882",Leaking
99.43,19.276,1.2724,"887,882",Leaking
103.8,31.705,2.3074,"887,882",No leaking
96.45,31.179,2.3389,"887,882",No leaking
96.76,31.438,2.3768,"887,882",No leaking
97.05,32.038,2.3735,"887,882",No leaking
97.34,32.083,2.3635,"887,882",No leaking
97.64,31.973,2.348,"887,882",No leaking
97.95,31.786,2.3351,"887,882",No leaking
98.24,31.593,2.3299,"887,882",No leaking
98.53,31.489,2.3226,"887,882",No leaking
98.82,31.42,2.3006,"887,882",No leaking
99.11,31.221,2.2828,"887,882",No leaking
99.27,30.918,2.2635,"887,882",No leaking
99.34,30.432,2.2468,"887,882",No leaking
99.39,30.312,2.2422,"887,882",No leaking
99.42,30.29,2.2413,"887,882",No leaking
99.43,30.231,2.2337,"887,882",No leaking
99.43,30.139,2.227,"887,882",No leaking
99.44,30.051,2.223,"887,882",No leaking
99.4,17.812,1.1432,"887,882",Leaking
99.4,17.812,1.1432,"887,882",Leaking
99.38,15.726,0.9422,"887,882",Leaking
99.4,13.685,0.5569,"887,882",Leaking
99.44,9.27,0.3401,"887,882",Leaking
99.43,5.2164,0.7718,"887,882",Leaking
99.43,7.731,0.9361,"887,882",Leaking
99.45,12.155,0.9635,"887,882",Leaking
99.46,12.963,0.8307,"887,882",Leaking
99.52,9.7967,0.6301,"887,882",Leaking
99.52,9.7937,0.6301,"887,882",Leaking
99.51,8.1756,0.6871,"887,882",Leaking
99.52,10.434,0.869,"887,882",Leaking
99.48,12.357,0.9323,"887,882",Leaking
99.52,12.025,0.7758,"887,882",Leaking
99.5,10.004,0.7273,"887,882",Leaking
99.48,9.4932,0.6924,"887,882",Leaking
99.54,8.4161,0.8598,"887,882",Leaking
99.44,30.045,2.2224,"887,882",No leaking
99.44,30.011,2.216,"887,882",No leaking
99.44,29.912,2.211,"887,882",No leaking
99.54,8.2151,0.8598,"887,882",Leaking
99.55,11.761,0.9135,"887,882",Leaking
99.48,12.373,0.8652,"887,882",Leaking
99.49,11.559,0.7895,"887,882",Leaking
99.59,10.512,0.711,"887,882",Leaking
100.2,9.6192,0.7642,"887,882",Leaking
100.1,10.33,0.8885,"887,882",Leaking
99.97,12.015,0.8934,"887,882",Leaking
100,11.862,0.7472,"887,882",Leaking
90.49,9.9485,0.59,"887,882",Leaking
90.49,8.4797,0.59,"887,882",Leaking
102.2,7.9722,0.5562,"887,882",Leaking
102.6,7.2936,0.3905,"887,882",Leaking
102.3,5.6538,0.5945,"887,882",Leaking
102.1,7.4646,0.5042,"887,882",Leaking
100.1,6.9731,0.4275,"887,882",Leaking
99.87,6.0174,0.7924,"887,882",Leaking
99.8,9.4859,0.8768,"887,882",Leaking
99.8,9.4859,0.8768,"887,882",Leaking
99.71,11.75,0.842,"887,882",Leaking
99.68,11.467,0.7991,"887,882",Leaking
100.1,11.109,0.7402,"887,882",Leaking
100.1,11.109,0.7402,"887,882",Leaking
100,10.177,0.5873,"887,882",Leaking
99.89,8.649,0.4199,"887,882",Leaking
99.68,6.12,0.5519,"887,882",Leaking
99.63,6.12,0.7901,"887,882",Leaking
99.5,9.3726,0.9298,"887,882",Leaking
99.5,12.825,0.9207,"887,882",Leaking
99.55,10.657,0.6709,"887,882",Leaking
99.55,10.657,0.6709,"887,882",Leaking
99.47,8.9604,0.7083,"887,882",Leaking
99.43,10.517,0.7862,"887,882",Leaking
99.44,29.889,2.215,"887,882",No leaking
99.44,29.921,2.2159,"887,882",No leaking
99.44,29.961,2.2185,"887,882",No leaking
99.42,8.7642,0.5313,"887,882",Leaking
99.52,6.2388,0.4116,"887,882",Leaking
99.48,99.48,0.5387,"887,882",Leaking
99.54,8.8272,0.7753,"887,882",Leaking
99.57,10.384,0.7223,"887,882",Leaking
99.52,8.946,0.5053,"887,882",Leaking
99.49,7.0577,0.7176,"887,882",Leaking
99.48,11.406,1.0418,"887,882",Leaking
93.08,14.189,1.06,"887,882",Leaking
99.86,0.72,0.0106,"887,882",Leaking
103.3,0.2016,0.092,"887,882",Leaking
103.1,1.314,0.14,"887,882",Leaking
102.8,1.8792,0.1444,"887,882",Leaking
106.4,1.854,0,"887,882",Leaking
99.36,0.225,0.0602,"887,882",Leaking
99.24,0.8243,0.0615,"887,882",Leaking
99.16,0.8279,0.0664,"887,882",Leaking
99.05,1.0494,0.0832,"887,882",Leaking
99,1.1142,0.0841,"887,882",Leaking
98.98,1.1376,0.1089,"887,882",Leaking
113.7,2.8908,0,"887,882",Leaking
99.38,1.2816,0.0946,"887,882",Leaking
99.37,1.2816,0.0957,"887,882",Leaking
99.37,1.2996,0.097,"887,882",Leaking
99.37,1.3158,0.0985,"887,882",Leaking
99.37,1.3374,0.1019,"887,882",Leaking
99.36,1.4184,0.1053,"887,882",Leaking
99.37,1.4094,0.104,"887,882",Leaking
99.37,1.3788,0.1012,"887,882",Leaking
99.36,1.3662,0.1002,"887,882",Leaking
99.36,1.3518,0.0998,"887,882",Leaking
99.36,1.3554,0.0998,"887,882",Leaking
99.36,1.3518,0.0989,"887,882",Leaking
99.36,1.1574,0.0516,"887,882",Leaking
99.36,0.0378,0.0259,"887,882",Leaking
99.36,0.4824,0.0434,"887,882",Leaking
99.36,0.5868,0.0319,"887,882",Leaking
99.36,0.3132,0.0166,"887,882",Leaking
99.36,0.1746,0.0106,"887,882",Leaking
99.36,0.1512,0.0129,"887,882",Leaking
99.35,0.2322,0.0218,"887,882",Leaking
99.35,0.3402,0.0278,"887,882",Leaking
99.35,0.3816,0.0275,"887,882",Leaking
99.35,0.3438,0.0213,"887,882",Leaking
99.35,0.02412,0.0136,"887,882",Leaking
99.35,0.1728,0.0128,"887,882",Leaking
99.35,0.1854,0.0165,"887,882",Leaking
99.35,0.2484,0.023,"887,882",Leaking
99.34,0.333,0.0272,"887,882",Leaking
99.34,0.36,0.0245,"887,882",Leaking
99.34,0.3222,0.0201,"887,882",Leaking
99.34,0.261,0.0172,"887,882",Leaking
99.34,0.2322,0.0169,"887,882",Leaking
99.34,0.2376,0.021,"887,882",Leaking
99.34,0.288,0.0246,"887,882",Leaking
99.34,0.3348,0.0267,"887,882",Leaking
99.34,0.36,0.0255,"887,882",Leaking
99.34,0.3402,0.0213,"887,882",Leaking
99.34,0.288,0.0178,"887,882",Leaking
99.34,0.2448,0.0173,"887,882",Leaking
99.34,0.2358,0.0187,"887,882",Leaking
99.34,0.2556,0.0228,"887,882",Leaking
99.34,0.3042,0.0242,"887,882",Leaking
99.34,0.3258,0.0218,"887,882",Leaking
99.34,0.3006,0.0205,"887,882",Leaking
99.34,0.2754,0.0202,"887,882",Leaking
99.34,0.2772,0.0212,"887,882",Leaking
99.33,0.2826,0.0216,"887,882",Leaking
99.33,0.2898,0.0237,"887,882",Leaking
99.33,0.315,0.0223,"887,882",Leaking
99.32,0.3096,0.0201,"887,882",Leaking
99.32,0.2826,0.0181,"887,882",Leaking
99.32,0.2502,0.0197,"887,882",Leaking
99.32,0.2574,0.021,"887,882",Leaking
99.44,29.944,2.2134,"887,882",No leaking
99.44,29.899,2.2131,"887,882",No leaking
99.32,0.2044,0.0223,"887,882",Leaking
99.32,0.3024,0.0221,"887,882",Leaking
99.32,0.3024,0.0221,"887,882",Leaking
99.32,0.2952,0.0214,"887,882",Leaking
99.44,29.899,2.2163,"887,882",No leaking
99.44,29.928,2.2138,"887,882",No leaking
99.44,29.914,2.2181,"887,882",No leaking
99.44,29.952,2.2112,"887,882",No leaking
99.44,29.853,2.2002,"887,882",No leaking
99.44,29.728,2.1961,"887,882",No leaking
99.44,29.664,2.1947,"887,882",No leaking
99.44,29.656,2.1997,"887,882",No leaking
99.44,29.714,2.2003,"887,882",No leaking
99.44,29.718,2.1936,"887,882",No leaking
99.44,29.64,2.1884,"887,882",No leaking
99.32,0.2934,0.022,"887,882",Leaking
99.32,0.297,0.0216,"887,882",Leaking
99.32,0.283,0.0213,"887,882",Leaking
99.32,0.288,0.0217,"887,882",Leaking
99.32,0.3006,0.0227,"887,882",Leaking
99.32,0.3042,0.0221,"887,882",Leaking
99.32,0.2952,0.0209,"887,882",Leaking
99.32,0.279,0.0204,"887,882",Leaking
99.32,0.2718,0.019,"887,882",Leaking
99.32,0.2664,0.0213,"887,882",Leaking
99.32,0.3096,0.0241,"887,882",Leaking
99.32,0.3222,0.0221,"887,882",Leaking
99.31,0.297,0.021,"887,882",Leaking
99.44,29.563,2.1873,"887,882",No leaking
99.43,29.577,2.1895,"887,882",No leaking
99.43,29.563,2.195,"887,882",No leaking
99.44,29.593,2.1812,"887,882",No leaking
99.43,29.482,2.178,"887,882",No leaking
99.43,29.386,2.1791,"887,882",No leaking
99.43,29.437,2.1693,"887,882",No leaking
99.31,0.2844,0.0199,"887,882",Leaking
99.31,0.27,0.0211,"887,882",Leaking
99.31,0.2844,0.0215,"887,882",Leaking
99.31,0.2916,0.0216,"887,882",Leaking
99.3,0.2934,0.0225,"887,882",Leaking
99.3,0.297,0.0233,"887,882",Leaking
99.3,0.3132,0.023,"887,882",Leaking
99.3,0.3132,0.0232,"887,882",Leaking
99.3,0.3132,0.0222,"887,882",Leaking
99.3,0.3042,0.0213,"887,882",Leaking
99.3,0.2898,0.0209,"887,882",Leaking
99.3,0.2844,0.0202,"887,882",Leaking
99.3,0.288,0.0217,"887,882",Leaking
99.3,0.2952,0.0221,"887,882",Leaking
99.3,0.297,0.0212,"887,882",Leaking
99.3,0.2952,0.0207,"887,882",Leaking
99.3,0.2826,0.0209,"887,882",Leaking
99.26,0.2556,0.0191,"887,882",Leaking
99.26,0.2574,0.0209,"887,882",Leaking
99.26,0.2772,0.0217,"887,882",Leaking
99.26,0.2934,0.0218,"887,882",Leaking
99.25,0.2952,0.0205,"887,882",Leaking
99.25,0.2826,0.019,"887,882",Leaking
99.25,0.2664,0.0206,"887,882",Leaking
99.25,0.2772,0.0206,"887,882",Leaking
99.25,0.279,0.0197,"887,882",Leaking
99.25,0.2718,0.02,"887,882",Leaking
99.25,0.27,0.02,"887,882",Leaking
99.43,29.359,2.1666,"887,882",No leaking
99.43,29.26,2.1683,"887,882",No leaking
99.43,29.295,2.1638,"887,882",No leaking
99.43,29.237,2.1637,"887,882",No leaking
99.43,29.187,2.1583,"887,882",No leaking
99.43,29.154,2.1567,"887,882",No leaking
99.43,29.129,2.1569,"887,882",No leaking
99.43,29.14,2.1557,"887,882",No leaking
99.43,29.1,2.1524,"887,882",No leaking
99.43,29.062,2.1484,"887,882",No leaking
99.43,29.012,2.1479,"887,882",No leaking
99.43,28.996,2.1441,"887,882",No leaking
99.43,28.971,2.1455,"887,882",No leaking
99.25,0.2602,0.0211,"887,882",Leaking
99.25,0.2808,0.02,"887,882",Leaking
99.25,0.2754,0.0212,"887,882",Leaking
99.25,0.2808,0.0194,"887,882",Leaking
99.25,0.2592,0.0196,"887,882",Leaking
99.25,0.27,0.0201,"887,882",Leaking
99.25,0.2718,0.0206,"887,882",Leaking
99.25,0.2862,0.0219,"887,882",Leaking
99.25,0.297,0.0217,"887,882",Leaking
99.3,26.904,1.6662,"887,882",Leaking
99.33,23.265,1.372,"887,882",Leaking
99.32,19.283,1.1286,"887,882",Leaking
99.34,15.854,0.7013,"887,882",Leaking
99.38,11.215,0.577,"887,882",Leaking
99.38,7.6104,0.8186,"887,882",Leaking
99.35,10.382,0.9514,"887,882",Leaking
99.34,12.222,0.7153,"887,882",Leaking
99.37,11.489,0.3752,"887,882",Leaking
99.43,28.999,2.1481,"887,882",No leaking
99.43,28.994,2.1419,"887,882",No leaking
99.42,28.924,2.1389,"887,882",No leaking
99.43,28.877,2.1402,"887,882",No leaking
99.42,28.913,2.1409,"887,882",No leaking
99.42,28.918,2.1384,"887,882",No leaking
99.43,28.888,2.1374,"887,882",No leaking
99.42,28.868,2.1347,"887,882",No leaking
99.42,28.848,2.1393,"887,882",No leaking
99.42,28.893,2.1356,"887,882",No leaking
99.42,28.857,2.1417,"887,882",No leaking
99.42,28.893,2.1424,"887,882",No leaking
99.42,28.936,2.1358,"887,882",No leaking
99.42,28.85,2.1261,"887,882",No leaking
99.42,28.729,2.1268,"887,882",No leaking
99.42,28.731,2.1262,"887,882",No leaking
99.42,28.645,2.1134,"887,882",No leaking
99.42,28.571,2.1068,"887,882",No leaking
99.42,28.477,2.1128,"887,882",No leaking
99.42,28.526,2.1119,"887,882",No leaking
99.42,28.517,2.1106,"887,882",No leaking
99.42,28.497,2.1188,"887,882",No leaking
99.57,11.865,0.7999,"887,882",Leaking
99.55,9.8729,0.5809,"887,882",Leaking
99.46,7.7562,0.6525,"887,882",Leaking
99.52,8.9046,0.7414,"887,882",Leaking
100.1,10.033,0.6905,"887,882",Leaking
100.1,9.5166,0.76,"887,882",Leaking
100,10.393,0.8461,"887,882",Leaking
101,11.646,0.9136,"887,882",Leaking
100,12.486,0.9648,"887,882",Leaking
100.6,12.664,0.6312,"887,882",Leaking
99.97,6.7194,0.4232,"887,882",Leaking
99.95,5.1048,0.4473,"887,882",Leaking
101,9.7182,0.7047,"887,882",Leaking
91.46,9.9324,0.6023,"887,882",Leaking
99.42,28.594,2.1159,"887,882",No leaking
99.42,28.609,2.1149,"887,882",No leaking
99.42,28.566,2.1072,"887,882",No leaking
99.41,28.508,2.113,"887,882",No leaking
99.41,28.506,2.1065,"887,882",No leaking
99.41,28.407,2.1024,"887,882",No leaking
99.41,28.398,2.1012,"887,882",No leaking
99.41,28.371,2.0993,"887,882",No leaking
99.41,28.362,2.0993,"887,882",No leaking
99.41,28.36,2.1006,"887,882",No leaking
99.41,28.414,2.1083,"887,882",No leaking
90.78,7.0542,0.8684,"887,882",Leaking
90.78,12.429,0,"887,882",Leaking
99.11,4.9716,0.92,"887,882",Leaking
99.11,12.429,0.92,"887,882",Leaking
99.09,12.691,1.1457,"887,882",Leaking
93.25,15.458,0,"887,882",Leaking
93.25,6.9642,1.1457,"887,882",Leaking
100.1,14.704,1.1457,"887,882",Leaking
94.37,14.328,0.884,"887,882",Leaking
99.89,10.416,0.6512,"887,882",Leaking
99.71,9.0107,0.7423,"887,882",Leaking
100,10.83,0.8572,"887,882",Leaking
99.41,28.506,2.111,"887,882",No leaking
99.41,28.472,2.1002,"887,882",No leaking
99.41,28.303,2.0882,"887,882",No leaking
99.41,28.191,2.0861,"887,882",No leaking
99.41,28.177,2.0873,"887,882",No leaking
99.41,28.229,2.0947,"887,882",No leaking
99.41,28.303,2.0964,"887,882",No leaking
99.41,28.323,2.0955,"887,882",No leaking
99.4,28.306,2.094,"887,882",No leaking
99.41,28.141,2.0793,"887,882",No leaking
99.78,11.516,0.7832,"887,882",Leaking
99.67,8.7731,0.4558,"887,882",Leaking
99.48,5.4504,0.3633,"887,882",Leaking
99.45,4.6206,0.325,"887,882",Leaking
99.45,4.302,0.3155,"887,882",Leaking
100.4,4.2624,0.3155,"887,882",Leaking
100.4,4.05,0.3155,"887,882",Leaking
101.1,3.1968,0,"887,882",Leaking
101.3,2.9844,0.3155,"887,882",Leaking
101.3,4.239,0,"887,882",Leaking
100.2,0.2106,0,"887,882",Leaking
100.1,0,0.3631,"887,882",Leaking
100,4.4262,0.4759,"887,882",Leaking
99.41,28.089,2.082,"887,882",No leaking
99.34,27.456,2.0631,"887,882",No leaking
99.34,27.632,2.0473,"887,882",No leaking
106.3,6.5213,0.5069,"887,882",Leaking
99.93,6.8364,0.4917,"887,882",Leaking
99.73,6.8814,0.6659,"887,882",Leaking
91.94,9.3672,0.9492,"887,882",Leaking
100,12.7,1.0739,"887,882",Leaking
100,14.382,1.0851,"887,882",Leaking
100,14.623,1.0851,"887,882",Leaking
101.2,14.659,1.0851,"887,882",Leaking
101.2,13.924,1.0852,"887,882",Leaking
94.18,5.13,1.0851,"887,882",Leaking
95.38,5.8644,1.0851,"887,882",Leaking
101,14.657,1.1051,"887,882",Leaking
94.75,14.992,1.0033,"887,882",Leaking
99.79,13.996,0.7321,"887,882",Leaking
99.68,10.821,0.5248,"887,882",Leaking
99.6,7.8876,0.6544,"887,882",Leaking
99.5,8.226,0.6799,"887,882",Leaking
99.55,0.5409,0.4352,"887,882",Leaking
93.3,4.7412,0.3036,"887,882",Leaking
100,4.608,0.4211,"887,882",Leaking
100.1,7.1308,0.6936,"887,882",Leaking
100.1,10.81,0.7146,"887,882",Leaking
99.13,9.3276,0.5907,"887,882",Leaking
99.15,6.435,0.4419,"887,882",Leaking
99.07,5.9004,0.4322,"887,882",Leaking
100.1,5.8373,0.4322,"887,882",Leaking
100.1,5.256,0.4322,"887,882",Leaking
94.43,5.2542,0.4322,"887,882",Leaking
94.43,5.8392,0.4322,"887,882",Leaking
104.4,15.793,0.9907,"887,882",Leaking
85.08,13.62,0.8843,"887,882",Leaking
99.41,28.132,2.0836,"887,882",No leaking
99.41,28.132,2.0764,"887,882",No leaking
99.41,28.094,2.0789,"887,882",No leaking
99.36,28.036,2.0691,"887,882",No leaking
99.36,27.955,2.0707,"887,882",No leaking
99.38,27.966,2.0739,"887,882",No leaking
99.37,28.008,2.0717,"887,882",No leaking
99.34,27.99,2.0611,"887,882",No leaking
99.32,27.86,1.9607,"887,882",No leaking
99.34,27.58,2.0756,"887,882",No leaking
99.34,27.572,2.0739,"887,882",No leaking
99.34,27.458,2.0526,"887,882",No leaking
99.95,12.126,0.8636,"887,882",Leaking
90.57,11.682,0.9639,"887,882",Leaking
90.57,11.543,0.9632,"887,882",Leaking
90.57,9.8902,0.652,"887,882",Leaking
90.57,9.8948,0.5231,"887,882",Leaking
90.57,6.3862,0.4942,"887,882",Leaking
90.57,7.2134,0.6932,"887,882",Leaking
90.57,7.0125,0.6341,"887,882",Leaking
90.57,6.2562,0.5523,"887,882",Leaking
90.57,5.4531,0.4726,"887,882",Leaking
90.57,5.4267,0.4631,"887,882",Leaking
99.01,25.761,1.9035,"695,695",Leaking
99.01,26.224,2.0179,"695,695",Leaking
99,26.227,1.7962,"695,695",Leaking
98.93,23.932,1.5994,"695,695",Leaking
98.93,21.088,1.2869,"695,695",Leaking
98.89,16.156,0.79,"695,695",Leaking
98.91,9.7073,0.4891,"695,695",Leaking
98.96,7.1352,0.7713,"695,695",Leaking
98.99,10.616,0.9155,"695,695",Leaking
98.98,12.24,0.8694,"695,695",Leaking
99.05,11.421,0.6966,"695,695",Leaking
99.76,9.5921,0.6796,"695,695",Leaking
99.5,9.342,0.2317,"695,695",Leaking
99.42,9.7884,0.5999,"695,695",Leaking
96.69,7.695,0.4102,"695,695",Leaking
99.76,5.517,0.2949,"695,695",Leaking
99.61,4.2137,0.3905,"695,695",Leaking
99.02,29.154,2.15,"695,695",No Leaking
99.02,29.203,2.1571,"695,695",No Leaking
99.02,29,2.1521,"695,695",No Leaking
99.01,29.133,2.1562,"695,695",No Leaking
99.01,29.097,2.152,"695,695",No Leaking
98.99,29.035,2.141,"695,695",No Leaking
99.01,28.296,2.0821,"695,695",No Leaking
98.99,27.405,2.0735,"695,695",No Leaking
101.6,33.669,2.3434,"695,695",No Leaking
54.7,31.68,2.2313,"695,695",No Leaking
57.1,30.213,2.2253,"695,695",No Leaking
100,30.063,2.2253,"695,695",No Leaking
100.6,30.061,2.153,"695,695",No Leaking
98.75,5.4108,0.5404,"695,695",Leaking
98.79,7.353,0.6171,"695,695",Leaking
98.07,0.3403,0.5841,"695,695",Leaking
99.59,7.65,0.993,"695,695",Leaking
99.46,12.304,1.1963,"695,695",Leaking
99.3,15.093,1.2007,"695,695",Leaking
99.29,16.443,1.1306,"695,695",Leaking
98.82,15.696,0.9127,"695,695",Leaking
98.93,13.789,0.5745,"695,695",Leaking
98.94,9.712,0.5662,"695,695",Leaking
0,7.6266,0,"695,695",Leaking
98.65,5.7366,0,"695,695",Leaking
100.1,26.55,1.9154,"695,695",Leaking
100.1,26.357,2.0039,"695,695",Leaking
100.3,26.906,1.9105,"695,695",Leaking
100.2,29.018,2.1316,"695,695",No Leaking
100.2,28.818,2.1216,"695,695",No Leaking
100.2,28.675,2.132,"695,695",No Leaking
100.1,28.758,2.142,"695,695",No Leaking
100.1,28.915,2.1342,"695,695",No Leaking
100.3,24.097,1.6637,"695,695",Leaking
100.2,21.438,1.4351,"695,695",Leaking
100.1,18.303,1.1706,"695,695",Leaking
100.1,15.075,1.0101,"695,695",Leaking
100.1,13.568,0.9962,"695,695",Leaking
100,12.843,0.7704,"695,695",Leaking
100,9.9162,0.4839,"695,695",Leaking
100.1,5.0086,0.2862,"695,695",Leaking
100.1,4.6547,0.6694,"695,695",Leaking
100.3,9.1961,0.7191,"695,695",Leaking
100.3,9.7794,0.7121,"695,695",Leaking
100.3,9.6173,0.7496,"695,695",Leaking
100.3,10.324,0.0102,"695,695",Leaking
100.2,10.94,0.6999,"695,695",Leaking
100.2,9.6606,0.5209,"695,695",Leaking
100.1,28.855,2.1414,"695,695",No Leaking
100.1,28.902,2.1375,"695,695",No Leaking
100.1,28.095,2.1341,"695,695",No Leaking
100.1,28.832,2.1417,"695,695",No Leaking
100.1,28.9,2.1405,"695,695",No Leaking
100.1,28.931,2.1437,"695,695",No Leaking
100,28.938,2.1445,"695,695",No Leaking
100.1,28.981,2.1362,"695,695",No Leaking
100.1,28.079,2.1304,"695,695",No Leaking
100,28.832,2.1299,"695,695",No Leaking
100,28.567,2.0635,"695,695",No Leaking
100.3,27.549,2.0862,"695,695",No Leaking
100.3,28.463,2.4107,"695,695",No Leaking
100.3,27.918,2.0041,"695,695",No Leaking
100.1,29.217,2.165,"695,695",No Leaking
100,29.183,2.4604,"695,695",No Leaking
100,29.194,2.1617,"695,695",No Leaking
100,29.23,2.162,"695,695",No Leaking
100,29.165,2.1508,"695,695",No Leaking
100.2,6.0868,0.4492,"695,695",Leaking
100.2,6.2136,0.7509,"695,695",Leaking
100.3,9.6299,0.8401,"695,695",Leaking
100.3,11.179,0.8113,"695,695",Leaking
100,10.963,0.7656,"695,695",Leaking
107.7,10.404,0.717,"695,695",Leaking
101,9.9288,0.6406,"695,695",Leaking
101.6,0.9279,0.6478,"695,695",Leaking
101.4,0.7425,0.6341,"695,695",Leaking
101.2,0.6742,0.4737,"695,695",Leaking
101.1,6.975,0.4446,"695,695",Leaking
101,5.5241,0.7322,"695,695",Leaking
100,0.433,0.901,"695,695",Leaking
100,11.202,0.9379,"695,695",Leaking
100.7,12.454,0.9506,"695,695",Leaking
100.8,12.88,0.9541,"695,695",Leaking
95.54,12.059,0.9417,"695,695",Leaking
100.7,7.5528,0.5573,"695,695",Leaking
105,6.0616,0.4377,"695,695",Leaking
105.7,6.3558,0.6202,"695,695",Leaking
105.6,10.402,0.9615,"695,695",Leaking
101.7,13.509,1.1278,"695,695",Leaking
101.5,15.685,1.192,"695,695",Leaking
101.3,15.737,1.0703,"695,695",Leaking
107.3,14.205,0.9956,"695,695",Leaking
101,12.942,0.8834,"695,695",Leaking
100.8,11.415,0.7962,"695,695",Leaking
100.7,10.987,0.883,"695,695",Leaking
92.69,12.153,0.9171,"695,695",Leaking
101.8,12.272,0.7877,"695,695",Leaking
101.6,10.756,0.8324,"695,695",Leaking
101.3,11.372,0.7915,"695,695",Leaking
101.2,10.053,0.4411,"695,695",Leaking
101,6.309,0.5357,"695,695",Leaking
100.9,7.2881,0.2202,"695,695",Leaking
100.9,9.5166,0.6775,"695,695",Leaking
100,9.1224,0.636,"695,695",Leaking
100.6,8.775,0.8922,"695,695",Leaking
100.5,11.574,0.7793,"695,695",Leaking
100.5,10.715,0.4643,"695,695",Leaking
100.4,6.6294,0.317,"695,695",Leaking
100.5,4.347,0.9731,"695,695",Leaking
100.5,4.8636,0.4219,"695,695",Leaking
100,5.5008,0.6563,"695,695",Leaking
100.6,7.9182,0.935,"695,695",Leaking
100.6,11.917,0.9063,"695,695",Leaking
100.6,12.475,0.855,"695,695",Leaking
100.5,11.642,0.8266,"695,695",Leaking
100.4,11.338,0.804,"695,695",Leaking
100.4,11.079,0.7533,"695,695",Leaking
100.4,10.28,0.7279,"695,695",Leaking
104.6,9.8496,0.7015,"695,695",Leaking
100,29.068,2.1499,"695,695",No Leaking
100,29.048,2.1533,"695,695",No Leaking
100,29.082,2.1459,"695,695",No Leaking
100,29.021,2.1288,"695,695",No Leaking
100,28.803,2.131,"695,695",No Leaking
100,28.773,2.1316,"695,695",No Leaking
100,28.834,2.1334,"695,695",No Leaking
104.5,9.6732,0.7149,"695,695",Leaking
100.7,1.449,0,"695,695",Leaking
99.97,7.9038,0.6032,"695,695",Leaking
100.1,7.8912,0.5792,"695,695",Leaking
100,7.8228,0.579,"695,695",Leaking
100.7,8.9892,0.814,"695,695",Leaking
100.6,12.409,0.8907,"695,695",Leaking
100.5,12.009,0.81,"695,695",Leaking
100.4,10.841,0.234,"695,695",Leaking
100.4,9.1187,0.5052,"695,695",Leaking
100.4,6.4836,0.5262,"695,695",Leaking
100.4,8.6508,0.9636,"695,695",Leaking
100.4,13.224,1.0617,"695,695",Leaking
100.3,14.394,1.0894,"695,695",Leaking
100,14.704,1.0866,"695,695",Leaking
100,14.634,1.0656,"695,695",Leaking
100.7,14.347,1.0732,"695,695",Leaking
10.5,14.461,1.025,"695,695",Leaking
100.6,13.797,0.9543,"695,695",Leaking
90.92,12.7,0.8235,"695,695",Leaking
98.74,11.527,0.7588,"695,695",Leaking
100,10.42,0.7045,"695,695",Leaking
100.8,8.9873,0,"695,695",Leaking
100.7,0,1.0519,"695,695",Leaking
100.6,7.9182,0.9431,"695,695",Leaking
100.6,13.201,0.7404,"695,695",Leaking
100,28.823,2.1309,"695,695",No Leaking
100,28.8,2.1264,"695,695",No Leaking
100,28.747,2.125,"695,695",No Leaking
100,28.702,2.1275,"695,695",No Leaking
100,28.755,2.1167,"695,695",No Leaking
100,28.643,2.114,"695,695",No Leaking
100.6,10.319,0.6346,"695,695",Leaking
100.5,8.7696,0.7566,"695,695",Leaking
100.5,9.6533,0.8574,"695,695",Leaking
100.4,11.473,0.8272,"695,695",Leaking
100.4,11.3,0.7401,"695,695",Leaking
100.5,10.371,0.638,"695,695",Leaking
100.7,8.9028,0.5901,"695,695",Leaking
100.6,8.1719,0.6984,"695,695",Leaking
101.5,9.9162,0.7022,"695,695",Leaking
100,26.371,1.7729,"695,695",Leaking
99.99,22.159,1.4102,"695,695",Leaking
99.97,16.653,0.6431,"695,695",Leaking
100,0.7731,0.3959,"695,695",Leaking
100,28.5,2.1136,"695,695",No Leaking
100,28.537,2.109,"695,695",No Leaking
100,28.477,2.1065,"695,695",No Leaking
100,28.423,2.1012,"695,695",No Leaking
100,5.0266,0.42,"695,695",Leaking
100,5.5746,0.4019,"695,695",Leaking
100,5.7366,0.2258,"695,695",Leaking
100,3.4308,0.1754,"695,695",Leaking
100,2.4102,0.2415,"695,695",Leaking
99.97,3.3012,0.1153,"695,695",Leaking
0.99,80.1656,0,"695,695",Leaking
100,28.393,2.1054,"695,695",No Leaking
100,28.418,2.0592,"695,695",No Leaking
